USE `Fastshop`;

INSERT `accounts` (`username`, `email`, `fullname`, `password`, `photo`, `phone`, `active`) VALUES ('an123039', 'an123039@outlook.com', 'Tô Đình Tân', '123456789', 'account.png', '0398107186', NULL);
INSERT `accounts` (`username`, `email`, `fullname`, `password`, `photo`, `phone`, `active`) VALUES ('an542090', 'an542090@yahoo.com', 'Ông Trùng Vâ', '123456789', 'account.png', '0901585292', 0);
INSERT `accounts` (`username`, `email`, `fullname`, `password`, `photo`, `phone`, `active`) VALUES ('an542095', 'an542095@yahoo.com', 'Lý Văn Khải', '123456789', 'account.png', '0954519241', NULL);
INSERT `accounts` (`username`, `email`, `fullname`, `password`, `photo`, `phone`, `active`) VALUES ('an789071', 'an789071@zoho.com', 'Viên Ngọc Phú', '123456789', 'account.png', '0710922573', 1);
INSERT `accounts` (`username`, `email`, `fullname`, `password`, `photo`, `phone`, `active`) VALUES ('an875037', 'an875037@io.com', 'Phùng Vân Trinh', '123456789', 'account.png', '0379784018', 0);
INSERT `accounts` (`username`, `email`, `fullname`, `password`, `photo`, `phone`, `active`) VALUES ('an875096', 'an875096@gmail.com', 'Quách Thu Linh', '123456789', 'account.png', '0961895923', NULL);
INSERT `accounts` (`username`, `email`, `fullname`, `password`, `photo`, `phone`, `active`) VALUES ('an875099', 'an875099@edu.com.v', 'Trần Khởi My', '123456789', 'account.png', '0991336192', NULL);
INSERT `accounts` (`username`, `email`, `fullname`, `password`, `photo`, `phone`, `active`) VALUES ('an963095', 'an963095@outlook.com', 'Nguyễn Tiên A', '123456789', 'account.png', '0955122018', NULL);
INSERT `accounts` (`username`, `email`, `fullname`, `password`, `photo`, `phone`, `active`) VALUES ('anAP062', 'anAP062@gmail.com', 'Nhâm Văn Thanh', '123456789', 'account.png', '0627063051', NULL);
INSERT `accounts` (`username`, `email`, `fullname`, `password`, `photo`, `phone`, `active`) VALUES ('anAP073', 'khann.it.159@gmail.com', 'Huỳnh Thị Tâm', '123456789', 'account.png', '0734685952', 1);
INSERT `accounts` (`username`, `email`, `fullname`, `password`, `photo`, `phone`, `active`) VALUES ('anGU033', 'anGU033@yahoo.com', 'Đồng Khởi La', '123456789', 'account.png', '0333972419', 0);
INSERT `accounts` (`username`, `email`, `fullname`, `password`, `photo`, `phone`, `active`) VALUES ('anGU095', 'anGU095@gmail.com', 'Tô Trùng Hương', '123456789', 'account.png', '0959235975', 1);
INSERT `accounts` (`username`, `email`, `fullname`, `password`, `photo`, `phone`, `active`) VALUES ('anHM095', 'anHM095@yahoo.com', 'Hà Tú Khang', '123456789', 'account.png', '0959343245', 1);
INSERT `accounts` (`username`, `email`, `fullname`, `password`, `photo`, `phone`, `active`) VALUES ('anHV031', 'anHV031@io.com', 'Đàm Ngọc Hương', '123456789', 'account.png', '0313078878', NULL);
INSERT `accounts` (`username`, `email`, `fullname`, `password`, `photo`, `phone`, `active`) VALUES ('anKA035', 'anKA035@io.com', 'Lương Bích Linh', '123456789', 'account.png', '0358774900', 1);
INSERT `accounts` (`username`, `email`, `fullname`, `password`, `photo`, `phone`, `active`) VALUES ('anNC095', 'anNC095@io.com', 'Đồng Văn A', '123456789', 'account.png', '0951336118', NULL);
INSERT `accounts` (`username`, `email`, `fullname`, `password`, `photo`, `phone`, `active`) VALUES ('anTX077', 'anTX077@io.com', 'Hà Tấn A', '123456789', 'account.png', '0771040786', 1);
INSERT `accounts` (`username`, `email`, `fullname`, `password`, `photo`, `phone`, `active`) VALUES ('binh123095', 'binh123095@zoho.com', 'Nhâm Quang Phú', '123456789', 'account.png', '0953207235', 1);
INSERT `accounts` (`username`, `email`, `fullname`, `password`, `photo`, `phone`, `active`) VALUES ('binh875063', 'binh875063@outlook.com', 'Phùng Thanh A', '123456789', 'account.png', '0635448551', NULL);
INSERT `accounts` (`username`, `email`, `fullname`, `password`, `photo`, `phone`, `active`) VALUES ('binh875091', 'binh875091@zoho.com', 'Hà Thu Mỹ', '123456789', 'account.png', '0918866280', 1);
INSERT `accounts` (`username`, `email`, `fullname`, `password`, `photo`, `phone`, `active`) VALUES ('binhCI090', 'binhCI090@io.com', 'Nguyễn Thu Vâ', '123456789', 'account.png', '0908840242', NULL);
INSERT `accounts` (`username`, `email`, `fullname`, `password`, `photo`, `phone`, `active`) VALUES ('binhGU062', 'binhGU062@yahoo.com', 'Đinh Bích Thảo', '123456789', 'account.png', '0628455859', 1);
INSERT `accounts` (`username`, `email`, `fullname`, `password`, `photo`, `phone`, `active`) VALUES ('binhHV037', 'binhHV037@outlook.com', 'Nguyễn Kim Nhi', '123456789', 'account.png', '0379295851', 0);
INSERT `accounts` (`username`, `email`, `fullname`, `password`, `photo`, `phone`, `active`) VALUES ('binhHV039', 'binhHV039@edu.com.v', 'Hà Đình Thành', '123456789', 'account.png', '0397375448', 1);
INSERT `accounts` (`username`, `email`, `fullname`, `password`, `photo`, `phone`, `active`) VALUES ('binhHV090', 'binhHV090@gmail.com', 'Cao  Vâ', '123456789', 'account.png', '0902462850', NULL);
INSERT `accounts` (`username`, `email`, `fullname`, `password`, `photo`, `phone`, `active`) VALUES ('binhIT073', 'binhIT073@zoho.com', 'Trần Mỹ Tuấ', '123456789', 'account.png', '0739364297', 1);
INSERT `accounts` (`username`, `email`, `fullname`, `password`, `photo`, `phone`, `active`) VALUES ('binhIT096', 'binhIT096@fpt.edu.v', 'Triệu Thị Khang', '123456789', 'account.png', '0965529923', 1);
INSERT `accounts` (`username`, `email`, `fullname`, `password`, `photo`, `phone`, `active`) VALUES ('binhKA091', 'binhKA091@yahoo.com', 'Diệp Thị Vâ', '123456789', 'account.png', '0910421321', NULL);
INSERT `accounts` (`username`, `email`, `fullname`, `password`, `photo`, `phone`, `active`) VALUES ('binhNC035', 'binhNC035@gmail.com', 'Thái Bích A', '123456789', 'account.png', '0357883558', NULL);
INSERT `accounts` (`username`, `email`, `fullname`, `password`, `photo`, `phone`, `active`) VALUES ('binhTX032', 'binhTX032@gmail.com', 'Lại Tú Linh', '123456789', 'account.png', '0326543177', NULL);
INSERT `accounts` (`username`, `email`, `fullname`, `password`, `photo`, `phone`, `active`) VALUES ('binhTX091', 'binhTX091@zoho.com', 'Ông Bích Tâ', '123456789', 'account.png', '0915192817', NULL);
INSERT `accounts` (`username`, `email`, `fullname`, `password`, `photo`, `phone`, `active`) VALUES ('binhXX032', 'binhXX032@edu.com.v', 'Phan Khởi My', '123456789', 'account.png', '0321547051', 1);
INSERT `accounts` (`username`, `email`, `fullname`, `password`, `photo`, `phone`, `active`) VALUES ('cuong123075', 'cuong123075@zoho.com', 'Đào Quang Đức', '123456789', 'account.png', '0753348200', NULL);
INSERT `accounts` (`username`, `email`, `fullname`, `password`, `photo`, `phone`, `active`) VALUES ('cuong123099', 'cuong123099@outlook.com', 'Khương Tiên Đức', '123456789', 'account.png', '0995575154', 1);
INSERT `accounts` (`username`, `email`, `fullname`, `password`, `photo`, `phone`, `active`) VALUES ('cuong521071', 'cuong521071@fpt.edu.v', 'Tạ Quang Linh', '123456789', 'account.png', '0712126813', NULL);
INSERT `accounts` (`username`, `email`, `fullname`, `password`, `photo`, `phone`, `active`) VALUES ('cuong789073', 'cuong789073@zoho.com', 'Viên Ngọc Tài', '123456789', 'account.png', '0734399854', NULL);
INSERT `accounts` (`username`, `email`, `fullname`, `password`, `photo`, `phone`, `active`) VALUES ('cuong789095', 'cuong789095@gmail.com', 'Phan Đình My', '123456789', 'account.png', '0958913159', 1);
INSERT `accounts` (`username`, `email`, `fullname`, `password`, `photo`, `phone`, `active`) VALUES ('cuong963031', 'cuong963031@yahoo.com', 'Cao Kim Trọng', '123456789', 'account.png', '0316493144', NULL);
INSERT `accounts` (`username`, `email`, `fullname`, `password`, `photo`, `phone`, `active`) VALUES ('cuongAP035', 'cuongAP035@gmail.com', 'Đào Tú Đức', '123456789', 'account.png', '0354218127', NULL);
INSERT `accounts` (`username`, `email`, `fullname`, `password`, `photo`, `phone`, `active`) VALUES ('cuongCI071', 'cuongCI071@fpt.edu.v', 'Triệu Bích Tâ', '123456789', 'account.png', '0714098387', 1);
INSERT `accounts` (`username`, `email`, `fullname`, `password`, `photo`, `phone`, `active`) VALUES ('cuongEXO095', 'cuongEXO095@edu.com.v', 'Cao Thanh Nam', '123456789', 'account.png', '0958935741', NULL);
INSERT `accounts` (`username`, `email`, `fullname`, `password`, `photo`, `phone`, `active`) VALUES ('cuongEXO099', 'cuongEXO099@edu.com.v', 'Lương Vân Lam', '123456789', 'account.png', '0992247115', 1);
INSERT `accounts` (`username`, `email`, `fullname`, `password`, `photo`, `phone`, `active`) VALUES ('cuongHA067', 'cuongHA067@yahoo.com', 'Huỳnh Bá Tài', '123456789', 'account.png', '0677367062', NULL);
INSERT `accounts` (`username`, `email`, `fullname`, `password`, `photo`, `phone`, `active`) VALUES ('cuongHA096', 'cuongHA096@edu.com.v', 'Cao Lan Trinh', '123456789', 'account.png', '0968917238', 1);
INSERT `accounts` (`username`, `email`, `fullname`, `password`, `photo`, `phone`, `active`) VALUES ('cuongHV064', 'cuongHV064@outlook.com', 'Nguyễn Khởi A', '123456789', 'account.png', '0649631169', 1);
INSERT `accounts` (`username`, `email`, `fullname`, `password`, `photo`, `phone`, `active`) VALUES ('cuongHV075', 'cuongHV075@outlook.com', 'Trịnh Thanh Tâm', '123456789', 'account.png', '0756282786', NULL);
INSERT `accounts` (`username`, `email`, `fullname`, `password`, `photo`, `phone`, `active`) VALUES ('cuongKA032', 'cuongKA032@zoho.com', 'Trịnh Tấn Khải', '123456789', 'account.png', '0324448390', NULL);
INSERT `accounts` (`username`, `email`, `fullname`, `password`, `photo`, `phone`, `active`) VALUES ('cuongNC032', 'cuongNC032@gmail.com', 'Lại Thiên Tuấ', '123456789', 'account.png', '0323692637', NULL);
INSERT `accounts` (`username`, `email`, `fullname`, `password`, `photo`, `phone`, `active`) VALUES ('cuongNC077', 'cuongNC077@fpt.edu.v', 'Lê Bá Nhi', '123456789', 'account.png', '0779680358', NULL);
INSERT `accounts` (`username`, `email`, `fullname`, `password`, `photo`, `phone`, `active`) VALUES ('cuongXX037', 'cuongXX037@gmail.com', 'Tạ Trùng Trọng', '123456789', 'account.png', '0376756437', NULL);
INSERT `accounts` (`username`, `email`, `fullname`, `password`, `photo`, `phone`, `active`) VALUES ('cuongXX062', 'cuongXX062@fpt.edu.v', 'Thôi Khởi Trinh', '123456789', 'account.png', '0623065909', NULL);
INSERT `accounts` (`username`, `email`, `fullname`, `password`, `photo`, `phone`, `active`) VALUES ('duc123031', 'duc123031@io.com', 'Triệu Lan Thảo', '123456789', 'account.png', '0319403225', 1);
INSERT `accounts` (`username`, `email`, `fullname`, `password`, `photo`, `phone`, `active`) VALUES ('duc123064', 'duc123064@gmail.com', 'Tào Ngọc Tài', '123456789', 'account.png', '0646948389', 1);
INSERT `accounts` (`username`, `email`, `fullname`, `password`, `photo`, `phone`, `active`) VALUES ('duc521096', 'duc521096@io.com', 'Diệp Minh Thanh', '123456789', 'account.png', '0968001880', 1);
INSERT `accounts` (`username`, `email`, `fullname`, `password`, `photo`, `phone`, `active`) VALUES ('duc875072', 'duc875072@gmail.com', 'Trịnh Thanh Tâm', '123456789', 'account.png', '0721202378', NULL);
INSERT `accounts` (`username`, `email`, `fullname`, `password`, `photo`, `phone`, `active`) VALUES ('duc875077', 'duc875077@yahoo.com', 'Đoàn Thu A', '123456789', 'account.png', '0770491389', 1);
INSERT `accounts` (`username`, `email`, `fullname`, `password`, `photo`, `phone`, `active`) VALUES ('ducCI096', 'ducCI096@fpt.edu.v', 'Viên Thanh La', '123456789', 'account.png', '0965423588', NULL);
INSERT `accounts` (`username`, `email`, `fullname`, `password`, `photo`, `phone`, `active`) VALUES ('ducGU077', 'ducGU077@gmail.com', 'Mai Bích Trinh', '123456789', 'account.png', '0779872865', 0);
INSERT `accounts` (`username`, `email`, `fullname`, `password`, `photo`, `phone`, `active`) VALUES ('ducGU095', 'ducGU095@yahoo.com', 'Lê Trọng Tâ', '123456789', 'account.png', '0950470370', 1);
INSERT `accounts` (`username`, `email`, `fullname`, `password`, `photo`, `phone`, `active`) VALUES ('ducHA035', 'ducHA035@edu.com.v', 'Lại Vân Bình', '123456789', 'account.png', '0352361723', NULL);
INSERT `accounts` (`username`, `email`, `fullname`, `password`, `photo`, `phone`, `active`) VALUES ('ducHA037', 'ducHA037@outlook.com', 'Hà Bá Tâ', '123456789', 'account.png', '0371677650', 1);
INSERT `accounts` (`username`, `email`, `fullname`, `password`, `photo`, `phone`, `active`) VALUES ('ducHA064', 'ducHA064@outlook.com', 'Diệp Thu Nhi', '123456789', 'account.png', '0643164571', NULL);
INSERT `accounts` (`username`, `email`, `fullname`, `password`, `photo`, `phone`, `active`) VALUES ('ducHA075', 'ducHA075@gmail.com', 'Trịnh Kim Lĩnh', '123456789', 'account.png', '0756222715', NULL);
INSERT `accounts` (`username`, `email`, `fullname`, `password`, `photo`, `phone`, `active`) VALUES ('ducHM063', 'ducHM063@fpt.edu.v', 'Triệu Trùng Tuấ', '123456789', 'account.png', '0630386053', 1);
INSERT `accounts` (`username`, `email`, `fullname`, `password`, `photo`, `phone`, `active`) VALUES ('ducHV077', 'ducHV077@outlook.com', 'Cao Trọng Lam', '123456789', 'account.png', '0770049234', NULL);
INSERT `accounts` (`username`, `email`, `fullname`, `password`, `photo`, `phone`, `active`) VALUES ('ducHV096', 'ducHV096@gmail.com', 'Phùng Bích Mỹ', '123456789', 'account.png', '0960737210', NULL);
INSERT `accounts` (`username`, `email`, `fullname`, `password`, `photo`, `phone`, `active`) VALUES ('ducKA071', 'ducKA071@yahoo.com', 'Đào Lan A', '123456789', 'account.png', '0719482938', 1);
INSERT `accounts` (`username`, `email`, `fullname`, `password`, `photo`, `phone`, `active`) VALUES ('ducNC090', 'ducNC090@zoho.com', 'Lại Tấn A', '123456789', 'account.png', '0904800763', NULL);
INSERT `accounts` (`username`, `email`, `fullname`, `password`, `photo`, `phone`, `active`) VALUES ('ducQG031', 'ducQG031@edu.com.v', 'Nguyễn Bích Tuấ', '123456789', 'account.png', '0314126332', 1);
INSERT `accounts` (`username`, `email`, `fullname`, `password`, `photo`, `phone`, `active`) VALUES ('ducTX077', 'ducTX077@io.com', 'Lê Lan Tâm', '123456789', 'account.png', '0771049490', NULL);
INSERT `accounts` (`username`, `email`, `fullname`, `password`, `photo`, `phone`, `active`) VALUES ('ducXX062', 'ducXX062@fpt.edu.v', 'Hà Khởi Tâ', '123456789', 'account.png', '0620843070', NULL);
INSERT `accounts` (`username`, `email`, `fullname`, `password`, `photo`, `phone`, `active`) VALUES ('hieuva', 'Tranphimythanh@gmail.com', 'Phùng Văn :)', '123456789', 'account.png', '0906241111', 1);
INSERT `accounts` (`username`, `email`, `fullname`, `password`, `photo`, `phone`, `active`) VALUES ('HoangQuye', 'hoangquyen18012001@gmail.com', 'Hoàng Quyề', '123456789', 'account.png', '0387548548', 1);
INSERT `accounts` (`username`, `email`, `fullname`, `password`, `photo`, `phone`, `active`) VALUES ('huong123095', 'huong123095@io.com', 'Lý Văn Tài', '123456789', 'account.png', '0950272023', NULL);
INSERT `accounts` (`username`, `email`, `fullname`, `password`, `photo`, `phone`, `active`) VALUES ('huong789075', 'huong789075@fpt.edu.v', 'Cao Ngọc Nam', '123456789', 'account.png', '0759102872', 1);
INSERT `accounts` (`username`, `email`, `fullname`, `password`, `photo`, `phone`, `active`) VALUES ('huong963064', 'huong963064@zoho.com', 'Tào Vân Nhi', '123456789', 'account.png', '0641162494', NULL);
INSERT `accounts` (`username`, `email`, `fullname`, `password`, `photo`, `phone`, `active`) VALUES ('huong963071', 'huong963071@edu.com.v', 'Ông Lộc Tâ', '123456789', 'account.png', '0712256856', NULL);
INSERT `accounts` (`username`, `email`, `fullname`, `password`, `photo`, `phone`, `active`) VALUES ('huong963095', 'huong963095@edu.com.v', 'Tạ Lộc Đức', '123456789', 'account.png', '0953675436', NULL);
INSERT `accounts` (`username`, `email`, `fullname`, `password`, `photo`, `phone`, `active`) VALUES ('huongAP073', 'huongAP073@outlook.com', 'Phan  Cường', '123456789', 'account.png', '0735341784', 1);
INSERT `accounts` (`username`, `email`, `fullname`, `password`, `photo`, `phone`, `active`) VALUES ('huongGU031', 'huongGU031@edu.com.v', 'Hà Thu Linh', '123456789', 'account.png', '0319604708', NULL);
INSERT `accounts` (`username`, `email`, `fullname`, `password`, `photo`, `phone`, `active`) VALUES ('huongGU091', 'huongGU091@outlook.com', 'Quách Tấn Thành', '123456789', 'account.png', '0913368520', 1);
INSERT `accounts` (`username`, `email`, `fullname`, `password`, `photo`, `phone`, `active`) VALUES ('huongHM071', 'huongHM071@io.com', 'Đàm Kim Bình', '123456789', 'account.png', '0718633844', 1);
INSERT `accounts` (`username`, `email`, `fullname`, `password`, `photo`, `phone`, `active`) VALUES ('huongHM075', 'huongHM075@io.com', 'Tô Mỹ Trinh', '123456789', 'account.png', '0751182430', 1);
INSERT `accounts` (`username`, `email`, `fullname`, `password`, `photo`, `phone`, `active`) VALUES ('huongHV033', 'huongHV033@edu.com.v', 'Huỳnh Mỹ Nam', '123456789', 'account.png', '0334630430', NULL);
INSERT `accounts` (`username`, `email`, `fullname`, `password`, `photo`, `phone`, `active`) VALUES ('huongIT096', 'huongIT096@io.com', 'Tô Minh Ngâ', '123456789', 'account.png', '0960090249', 1);
INSERT `accounts` (`username`, `email`, `fullname`, `password`, `photo`, `phone`, `active`) VALUES ('huongQG064', 'huongQG064@io.com', 'Phùng Thanh A', '123456789', 'account.png', '0642214523', NULL);
INSERT `accounts` (`username`, `email`, `fullname`, `password`, `photo`, `phone`, `active`) VALUES ('huongQG077', 'huongQG077@zoho.com', 'Nguyễn Thiên Khải', '123456789', 'account.png', '0777451846', 1);
INSERT `accounts` (`username`, `email`, `fullname`, `password`, `photo`, `phone`, `active`) VALUES ('huongTX033', 'huongTX033@outlook.com', 'Đồng Bích Ngâ', '123456789', 'account.png', '0337197122', 1);
INSERT `accounts` (`username`, `email`, `fullname`, `password`, `photo`, `phone`, `active`) VALUES ('huongTX096', 'huongTX096@zoho.com', 'Lương Đình Linh', '123456789', 'account.png', '0961442649', NULL);
INSERT `accounts` (`username`, `email`, `fullname`, `password`, `photo`, `phone`, `active`) VALUES ('huongXX064', 'huongXX064@io.com', 'Viên Khởi Lĩnh', '123456789', 'account.png', '0646531936', 1);
INSERT `accounts` (`username`, `email`, `fullname`, `password`, `photo`, `phone`, `active`) VALUES ('iwdki', 'awdawd@gmail.com', 'nguyen van kkkk', '9595925awdawd', 'account.png', '0908852554', 0);
INSERT `accounts` (`username`, `email`, `fullname`, `password`, `photo`, `phone`, `active`) VALUES ('khai521073', 'khai521073@gmail.com', 'Thái  Nhi', '123456789', 'account.png', '0734760850', 1);
INSERT `accounts` (`username`, `email`, `fullname`, `password`, `photo`, `phone`, `active`) VALUES ('khai542035', 'khai542035@io.com', 'Ông Lộc Vâ', '123456789', 'account.png', '0354243555', NULL);
INSERT `accounts` (`username`, `email`, `fullname`, `password`, `photo`, `phone`, `active`) VALUES ('khai542037', 'khai542037@outlook.com', 'Phùng Thanh Nam', '123456789', 'account.png', '0376539790', 1);
INSERT `accounts` (`username`, `email`, `fullname`, `password`, `photo`, `phone`, `active`) VALUES ('khai542063', 'khai542063@zoho.com', 'Ông Bích Phú', '123456789', 'account.png', '0631156992', 1);
INSERT `accounts` (`username`, `email`, `fullname`, `password`, `photo`, `phone`, `active`) VALUES ('khai542071', 'khai542071@io.com', 'Tô Bích Bình', '123456789', 'account.png', '0713315663', 1);
INSERT `accounts` (`username`, `email`, `fullname`, `password`, `photo`, `phone`, `active`) VALUES ('khai875072', 'khai875072@outlook.com', 'Lê Minh My', '123456789', 'account.png', '0724880208', 1);
INSERT `accounts` (`username`, `email`, `fullname`, `password`, `photo`, `phone`, `active`) VALUES ('khaiAP063', 'khaiAP063@zoho.com', 'Nhâm Tấn Vâ', '123456789', 'account.png', '0636368348', NULL);
INSERT `accounts` (`username`, `email`, `fullname`, `password`, `photo`, `phone`, `active`) VALUES ('khaiAP073', 'khaiAP073@outlook.com', 'Khương Bá Tâm', '123456789', 'account.png', '0733432608', 1);
INSERT `accounts` (`username`, `email`, `fullname`, `password`, `photo`, `phone`, `active`) VALUES ('khaiEXO075', 'khaiEXO075@io.com', 'Tô Đình Tâm', '123456789', 'account.png', '0756949278', 1);
INSERT `accounts` (`username`, `email`, `fullname`, `password`, `photo`, `phone`, `active`) VALUES ('khaiHA032', 'khaiHA032@edu.com.v', 'Thái Lộc Khải', '123456789', 'account.png', '0326960005', 1);
INSERT `accounts` (`username`, `email`, `fullname`, `password`, `photo`, `phone`, `active`) VALUES ('khaiHA033', 'khaiHA033@outlook.com', 'Nhâm Bích Nhi', '123456789', 'account.png', '0339369278', NULL);
INSERT `accounts` (`username`, `email`, `fullname`, `password`, `photo`, `phone`, `active`) VALUES ('khaiHM062', 'khaiHM062@io.com', 'Đàm Văn A', '123456789', 'account.png', '0621629217', 1);
INSERT `accounts` (`username`, `email`, `fullname`, `password`, `photo`, `phone`, `active`) VALUES ('khaiHM073', 'khaiHM073@yahoo.com', 'Tăng Trùng Lam', '123456789', 'account.png', '0734591325', 1);
INSERT `accounts` (`username`, `email`, `fullname`, `password`, `photo`, `phone`, `active`) VALUES ('khaiHM096', 'khaiHM096@io.com', 'Nguyễn Bích Thanh', '123456789', 'account.png', '0967597967', NULL);
INSERT `accounts` (`username`, `email`, `fullname`, `password`, `photo`, `phone`, `active`) VALUES ('khaiKA095', 'khaiKA095@fpt.edu.v', 'Đồng Minh Lam', '123456789', 'account.png', '0959919845', NULL);
INSERT `accounts` (`username`, `email`, `fullname`, `password`, `photo`, `phone`, `active`) VALUES ('khaiNC032', 'khaiNC032@fpt.edu.v', 'Triệu Tiên Tuấ', '123456789', 'account.png', '0327831622', 1);
INSERT `accounts` (`username`, `email`, `fullname`, `password`, `photo`, `phone`, `active`) VALUES ('khaiNC063', 'khaiNC063@edu.com.v', 'Khương Quang My', '123456789', 'account.png', '0633992556', 1);
INSERT `accounts` (`username`, `email`, `fullname`, `password`, `photo`, `phone`, `active`) VALUES ('khaiQG033', 'khaiQG033@io.com', 'Trịnh Vân Bình', '123456789', 'account.png', '0334771059', 1);
INSERT `accounts` (`username`, `email`, `fullname`, `password`, `photo`, `phone`, `active`) VALUES ('khaiQG071', 'khaiQG071@gmail.com', 'Lý Minh Cường', '123456789', 'account.png', '0710321341', 1);
INSERT `accounts` (`username`, `email`, `fullname`, `password`, `photo`, `phone`, `active`) VALUES ('khaiTX031', 'khaiTX031@yahoo.com', 'Đào Trọng Tâ', '123456789', 'account.png', '0312171303', 1);
INSERT `accounts` (`username`, `email`, `fullname`, `password`, `photo`, `phone`, `active`) VALUES ('khaiTX072', 'khaiTX072@io.com', 'Nguyễn Thiên Trọng', '123456789', 'account.png', '0726511119', NULL);
INSERT `accounts` (`username`, `email`, `fullname`, `password`, `photo`, `phone`, `active`) VALUES ('khaiXX072', 'khaiXX072@outlook.com', 'Đàm Kim Trinh', '123456789', 'account.png', '0726216364', NULL);
INSERT `accounts` (`username`, `email`, `fullname`, `password`, `photo`, `phone`, `active`) VALUES ('khang521071', 'khang521071@io.com', 'Phạm Thiên Khang', '123456789', 'account.png', '0712418868', 1);
INSERT `accounts` (`username`, `email`, `fullname`, `password`, `photo`, `phone`, `active`) VALUES ('khang875099', 'khang875099@gmail.com', 'Phan Đình Sương', '123456789', 'account.png', '0999979023', NULL);
INSERT `accounts` (`username`, `email`, `fullname`, `password`, `photo`, `phone`, `active`) VALUES ('khangAP096', 'khangAP096@fpt.edu.v', 'Diệp Thị Mỹ', '123456789', 'account.png', '0962613608', 1);
INSERT `accounts` (`username`, `email`, `fullname`, `password`, `photo`, `phone`, `active`) VALUES ('khangEXO096', 'khangEXO096@gmail.com', 'Lê Khởi Ngâ', '123456789', 'account.png', '0966010816', 1);
INSERT `accounts` (`username`, `email`, `fullname`, `password`, `photo`, `phone`, `active`) VALUES ('khangGU095', 'khangGU095@yahoo.com', 'Phạm Đình Tài', '123456789', 'account.png', '0956142901', NULL);
INSERT `accounts` (`username`, `email`, `fullname`, `password`, `photo`, `phone`, `active`) VALUES ('khangGU099', 'khangGU099@gmail.com', 'Viên  A', '123456789', 'account.png', '0993240720', NULL);
INSERT `accounts` (`username`, `email`, `fullname`, `password`, `photo`, `phone`, `active`) VALUES ('khangHA063', 'khangHA063@yahoo.com', 'Mai Lộc Tài', '123456789', 'account.png', '0632237169', NULL);
INSERT `accounts` (`username`, `email`, `fullname`, `password`, `photo`, `phone`, `active`) VALUES ('khangHM096', 'khangHM096@edu.com.v', 'Tào Đình Sơ', '123456789', 'account.png', '0966999364', NULL);
INSERT `accounts` (`username`, `email`, `fullname`, `password`, `photo`, `phone`, `active`) VALUES ('khangHV032', 'khangHV032@fpt.edu.v', 'Đồng Kim Trọng', '123456789', 'account.png', '0322421954', 1);
INSERT `accounts` (`username`, `email`, `fullname`, `password`, `photo`, `phone`, `active`) VALUES ('khangHV090', 'khangHV090@io.com', 'Tào Thiên Hương', '123456789', 'account.png', '0903998216', 1);
INSERT `accounts` (`username`, `email`, `fullname`, `password`, `photo`, `phone`, `active`) VALUES ('khangIT067', 'khangIT067@zoho.com', 'Lương Trọng Thanh', '123456789', 'account.png', '0675575601', NULL);
INSERT `accounts` (`username`, `email`, `fullname`, `password`, `photo`, `phone`, `active`) VALUES ('khangIT095', 'khangIT095@edu.com.v', 'Phùng Lan Phú', '123456789', 'account.png', '0954738145', 1);
INSERT `accounts` (`username`, `email`, `fullname`, `password`, `photo`, `phone`, `active`) VALUES ('khangKA032', 'khangKA032@edu.com.v', 'Đinh Thị Trọng', '123456789', 'account.png', '0320844455', 1);
INSERT `accounts` (`username`, `email`, `fullname`, `password`, `photo`, `phone`, `active`) VALUES ('khangKA064', 'khangKA064@outlook.com', 'Diệp Mỹ Linh', '123456789', 'account.png', '0645059208', 1);
INSERT `accounts` (`username`, `email`, `fullname`, `password`, `photo`, `phone`, `active`) VALUES ('khangNC077', 'khangNC077@zoho.com', 'Đoàn Bích Linh', '123456789', 'account.png', '0774459765', NULL);
INSERT `accounts` (`username`, `email`, `fullname`, `password`, `photo`, `phone`, `active`) VALUES ('khangNC091', 'khangNC091@fpt.edu.v', 'Quách Trọng Nam', '123456789', 'account.png', '0917718437', NULL);
INSERT `accounts` (`username`, `email`, `fullname`, `password`, `photo`, `phone`, `active`) VALUES ('khangTX039', 'khangTX039@yahoo.com', 'Đàm Trọng Sương', '123456789', 'account.png', '0394075305', NULL);
INSERT `accounts` (`username`, `email`, `fullname`, `password`, `photo`, `phone`, `active`) VALUES ('khangXX064', 'khangXX064@gmail.com', 'Thái Thị Bình', '123456789', 'account.png', '0647425175', 1);
INSERT `accounts` (`username`, `email`, `fullname`, `password`, `photo`, `phone`, `active`) VALUES ('khannit159', 'nhomchung1999@gmail.com', 'Nguyễn Ngọc Kha', 'abc123', 'account.png', '0386837394', NULL);
INSERT `accounts` (`username`, `email`, `fullname`, `password`, `photo`, `phone`, `active`) VALUES ('lam542062', 'lam542062@gmail.com', 'Lương Minh Khải', '123456789', 'account.png', '0627147331', NULL);
INSERT `accounts` (`username`, `email`, `fullname`, `password`, `photo`, `phone`, `active`) VALUES ('lam542096', 'lam542096@yahoo.com', 'Mai Ngọc Tâm', '123456789', 'account.png', '0965467745', 1);
INSERT `accounts` (`username`, `email`, `fullname`, `password`, `photo`, `phone`, `active`) VALUES ('lam789071', 'lam789071@io.com', 'Tạ Lộc Tuấ', '123456789', 'account.png', '0719845967', 1);
INSERT `accounts` (`username`, `email`, `fullname`, `password`, `photo`, `phone`, `active`) VALUES ('lam875072', 'lam875072@yahoo.com', 'Tạ Khởi Tài', '123456789', 'account.png', '0723035786', 1);
INSERT `accounts` (`username`, `email`, `fullname`, `password`, `photo`, `phone`, `active`) VALUES ('lam963063', 'lam963063@gmail.com', 'Trương Lan La', '123456789', 'account.png', '0639113373', NULL);
INSERT `accounts` (`username`, `email`, `fullname`, `password`, `photo`, `phone`, `active`) VALUES ('lam963090', 'lam963090@gmail.com', 'Trịnh Mỹ Phú', '123456789', 'account.png', '0902473065', 0);
INSERT `accounts` (`username`, `email`, `fullname`, `password`, `photo`, `phone`, `active`) VALUES ('lamAP095', 'lamAP095@yahoo.com', 'Triệu Thị Sơ', '123456789', 'account.png', '0957154661', NULL);
INSERT `accounts` (`username`, `email`, `fullname`, `password`, `photo`, `phone`, `active`) VALUES ('lamEXO039', 'lamEXO039@fpt.edu.v', 'Tăng Ngọc Ngâ', '123456789', 'account.png', '0392773386', 1);
INSERT `accounts` (`username`, `email`, `fullname`, `password`, `photo`, `phone`, `active`) VALUES ('lamEXO090', 'lamEXO090@outlook.com', 'Lại Quang Nam', '123456789', 'account.png', '0902665399', NULL);
INSERT `accounts` (`username`, `email`, `fullname`, `password`, `photo`, `phone`, `active`) VALUES ('lamEXO099', 'lamEXO099@gmail.com', 'Quách Đình Trọng', '123456789', 'account.png', '0996005463', 1);
INSERT `accounts` (`username`, `email`, `fullname`, `password`, `photo`, `phone`, `active`) VALUES ('lamGU031', 'lamGU031@edu.com.v', 'Lại Quang Khải', '123456789', 'account.png', '0314312147', NULL);
INSERT `accounts` (`username`, `email`, `fullname`, `password`, `photo`, `phone`, `active`) VALUES ('lamIT035', 'lamIT035@zoho.com', 'Thái Thu Lĩnh', '123456789', 'account.png', '0358377897', NULL);
INSERT `accounts` (`username`, `email`, `fullname`, `password`, `photo`, `phone`, `active`) VALUES ('lamIT039', 'lamIT039@fpt.edu.v', 'Từ Khởi Vâ', '123456789', 'account.png', '0394811797', 1);
INSERT `accounts` (`username`, `email`, `fullname`, `password`, `photo`, `phone`, `active`) VALUES ('lamIT073', 'lamIT073@outlook.com', 'Đồng Minh Cường', '123456789', 'account.png', '0736930440', NULL);
INSERT `accounts` (`username`, `email`, `fullname`, `password`, `photo`, `phone`, `active`) VALUES ('lamNC037', 'lamNC037@fpt.edu.v', 'Tạ Quang Khải', '123456789', 'account.png', '0377061444', 1);
INSERT `accounts` (`username`, `email`, `fullname`, `password`, `photo`, `phone`, `active`) VALUES ('lamNC090', 'lamNC090@outlook.com', 'Tạ Bá Ngâ', '123456789', 'account.png', '0901228202', NULL);
INSERT `accounts` (`username`, `email`, `fullname`, `password`, `photo`, `phone`, `active`) VALUES ('lamQG032', 'lamQG032@edu.com.v', 'Đinh Lan Thanh', '123456789', 'account.png', '0327901840', 1);
INSERT `accounts` (`username`, `email`, `fullname`, `password`, `photo`, `phone`, `active`) VALUES ('lamQG099', 'lamQG099@yahoo.com', 'Lại Tiên Nam', '123456789', 'account.png', '0997820827', NULL);
INSERT `accounts` (`username`, `email`, `fullname`, `password`, `photo`, `phone`, `active`) VALUES ('lan521096', 'lan521096@fpt.edu.v', 'Đào Mỹ Tâm', '123456789', 'account.png', '0968802553', NULL);
INSERT `accounts` (`username`, `email`, `fullname`, `password`, `photo`, `phone`, `active`) VALUES ('lan542033', 'lan542033@zoho.com', 'Phạm Vân Lĩnh', '123456789', 'account.png', '0333695831', NULL);
INSERT `accounts` (`username`, `email`, `fullname`, `password`, `photo`, `phone`, `active`) VALUES ('lan789062', 'lan789062@fpt.edu.v', 'Lại Lộc Thành', '123456789', 'account.png', '0620833453', 1);
INSERT `accounts` (`username`, `email`, `fullname`, `password`, `photo`, `phone`, `active`) VALUES ('lan789095', 'lan789095@zoho.com', 'Phùng Mỹ Sương', '123456789', 'account.png', '0951356152', NULL);
INSERT `accounts` (`username`, `email`, `fullname`, `password`, `photo`, `phone`, `active`) VALUES ('lan875091', 'lan875091@gmail.com', 'Đồng Văn Trọng', '123456789', 'account.png', '0914432846', NULL);
INSERT `accounts` (`username`, `email`, `fullname`, `password`, `photo`, `phone`, `active`) VALUES ('lan963032', 'lan963032@yahoo.com', 'Nhâm Đình Sơ', '123456789', 'account.png', '0323582322', NULL);
INSERT `accounts` (`username`, `email`, `fullname`, `password`, `photo`, `phone`, `active`) VALUES ('lan963062', 'lan963062@io.com', 'Đinh Khởi Lĩnh', '123456789', 'account.png', '0626185858', NULL);
INSERT `accounts` (`username`, `email`, `fullname`, `password`, `photo`, `phone`, `active`) VALUES ('lanAP090', 'lanAP090@io.com', 'Hà Lộc Khang', '123456789', 'account.png', '0905258493', 1);
INSERT `accounts` (`username`, `email`, `fullname`, `password`, `photo`, `phone`, `active`) VALUES ('lanAP091', 'lanAP091@gmail.com', 'Quách Văn La', '123456789', 'account.png', '0916245699', NULL);
INSERT `accounts` (`username`, `email`, `fullname`, `password`, `photo`, `phone`, `active`) VALUES ('lanAP095', 'lanAP095@zoho.com', 'Quách Trùng A', '123456789', 'account.png', '0955056508', 1);
INSERT `accounts` (`username`, `email`, `fullname`, `password`, `photo`, `phone`, `active`) VALUES ('lanCI073', 'lanCI073@zoho.com', 'Tô Mỹ Nhi', '123456789', 'account.png', '0739515106', 1);
INSERT `accounts` (`username`, `email`, `fullname`, `password`, `photo`, `phone`, `active`) VALUES ('lanEXO096', 'lanEXO096@edu.com.v', 'Từ Bích Ngâ', '123456789', 'account.png', '0968800918', NULL);
INSERT `accounts` (`username`, `email`, `fullname`, `password`, `photo`, `phone`, `active`) VALUES ('lanGU067', 'lanGU067@yahoo.com', 'Nguyễn Đình Sương', '123456789', 'account.png', '0673260492', 1);
INSERT `accounts` (`username`, `email`, `fullname`, `password`, `photo`, `phone`, `active`) VALUES ('lanHA072', 'lanHA072@edu.com.v', 'Triệu Trọng Tâ', '123456789', 'account.png', '0723192239', NULL);
INSERT `accounts` (`username`, `email`, `fullname`, `password`, `photo`, `phone`, `active`) VALUES ('lanKA032', 'lanKA032@outlook.com', 'Cao Lộc Cường', '123456789', 'account.png', '0321730672', 1);
INSERT `accounts` (`username`, `email`, `fullname`, `password`, `photo`, `phone`, `active`) VALUES ('lanKA095', 'lanKA095@yahoo.com', 'Diệp Lan Lĩnh', '123456789', 'account.png', '0959238304', NULL);
INSERT `accounts` (`username`, `email`, `fullname`, `password`, `photo`, `phone`, `active`) VALUES ('lanNC072', 'lanNC072@outlook.com', 'Viên Trọng Lam', '123456789', 'account.png', '0726827297', 1);
INSERT `accounts` (`username`, `email`, `fullname`, `password`, `photo`, `phone`, `active`) VALUES ('lanQG062', 'lanQG062@outlook.com', 'Cao Bích Trọng', '123456789', 'account.png', '0620829451', 1);
INSERT `accounts` (`username`, `email`, `fullname`, `password`, `photo`, `phone`, `active`) VALUES ('lanQG064', 'lanQG064@gmail.com', 'Tào Tiên Thành', '123456789', 'account.png', '0642936235', 1);
INSERT `accounts` (`username`, `email`, `fullname`, `password`, `photo`, `phone`, `active`) VALUES ('lanQG072', 'lanQG072@edu.com.v', 'Viên Mỹ Khải', '123456789', 'account.png', '0725848733', NULL);
INSERT `accounts` (`username`, `email`, `fullname`, `password`, `photo`, `phone`, `active`) VALUES ('lanXX090', 'lanXX090@outlook.com', 'Đồng Bích Nam', '123456789', 'account.png', '0904664642', NULL);
INSERT `accounts` (`username`, `email`, `fullname`, `password`, `photo`, `phone`, `active`) VALUES ('lanXX091', 'lanXX091@gmail.com', 'Trương Quang Thanh', '123456789', 'account.png', '0912124664', 1);
INSERT `accounts` (`username`, `email`, `fullname`, `password`, `photo`, `phone`, `active`) VALUES ('linh123033', 'linh123033@fpt.edu.v', 'Thôi Trùng Ngâ', '123456789', 'account.png', '0336782357', 1);
INSERT `accounts` (`username`, `email`, `fullname`, `password`, `photo`, `phone`, `active`) VALUES ('linh521099', 'linh521099@edu.com.v', 'Nhâm Quang Trinh', '123456789', 'account.png', '0997792406', NULL);
INSERT `accounts` (`username`, `email`, `fullname`, `password`, `photo`, `phone`, `active`) VALUES ('linh542031', 'linh542031@gmail.com', 'Nhâm Trùng Hương', '123456789', 'account.png', '0319017627', 1);
INSERT `accounts` (`username`, `email`, `fullname`, `password`, `photo`, `phone`, `active`) VALUES ('linh875032', 'linh875032@gmail.com', 'Tăng Lộc Sương', '123456789', 'account.png', '0321554249', NULL);
INSERT `accounts` (`username`, `email`, `fullname`, `password`, `photo`, `phone`, `active`) VALUES ('linhAP072', 'linhAP072@gmail.com', 'Phùng Thị Tuấ', '123456789', 'account.png', '0723225166', 1);
INSERT `accounts` (`username`, `email`, `fullname`, `password`, `photo`, `phone`, `active`) VALUES ('linhCI062', 'linhCI062@yahoo.com', 'Huỳnh Thị Phú', '123456789', 'account.png', '0628298402', 1);
INSERT `accounts` (`username`, `email`, `fullname`, `password`, `photo`, `phone`, `active`) VALUES ('linhEXO071', 'linhEXO071@yahoo.com', 'Huỳnh Đình Nam', '123456789', 'account.png', '0719304717', 1);
INSERT `accounts` (`username`, `email`, `fullname`, `password`, `photo`, `phone`, `active`) VALUES ('linhGU077', 'linhGU077@fpt.edu.v', 'Quách Bích Tâ', '123456789', 'account.png', '0777113433', 1);
INSERT `accounts` (`username`, `email`, `fullname`, `password`, `photo`, `phone`, `active`) VALUES ('linhGU091', 'linhGU091@outlook.com', 'Lại Tiên Tâm', '123456789', 'account.png', '0914197303', NULL);
INSERT `accounts` (`username`, `email`, `fullname`, `password`, `photo`, `phone`, `active`) VALUES ('linhGU099', 'linhGU099@zoho.com', 'Trịnh Tấn A', '123456789', 'account.png', '0992408403', 1);
INSERT `accounts` (`username`, `email`, `fullname`, `password`, `photo`, `phone`, `active`) VALUES ('linhIT035', 'linhIT035@gmail.com', 'Tào Bích Thanh', '123456789', 'account.png', '0355388447', 1);
INSERT `accounts` (`username`, `email`, `fullname`, `password`, `photo`, `phone`, `active`) VALUES ('linhIT075', 'linhIT075@io.com', 'Trịnh Thiên Thanh', '123456789', 'account.png', '0758663568', 1);
INSERT `accounts` (`username`, `email`, `fullname`, `password`, `photo`, `phone`, `active`) VALUES ('linhNC096', 'linhNC096@zoho.com', 'Đồng Thanh Khải', '123456789', 'account.png', '0962558875', NULL);
INSERT `accounts` (`username`, `email`, `fullname`, `password`, `photo`, `phone`, `active`) VALUES ('linhQG091', 'linhQG091@fpt.edu.v', 'Hà Thị Tâ', '123456789', 'account.png', '0912261925', 1);
INSERT `accounts` (`username`, `email`, `fullname`, `password`, `photo`, `phone`, `active`) VALUES ('linhXX077', 'linhXX077@zoho.com', 'Trần Lộc Nhi', '123456789', 'account.png', '0770684621', 1);
INSERT `accounts` (`username`, `email`, `fullname`, `password`, `photo`, `phone`, `active`) VALUES ('minhlinh521033', 'minhlinh521033@yahoo.com', 'Phạm Thu A', '123456789', 'account.png', '0338148293', 1);
INSERT `accounts` (`username`, `email`, `fullname`, `password`, `photo`, `phone`, `active`) VALUES ('minhlinh542039', 'minhlinh542039@outlook.com', 'Trịnh Khởi Cường', '123456789', 'account.png', '0391863238', 1);
INSERT `accounts` (`username`, `email`, `fullname`, `password`, `photo`, `phone`, `active`) VALUES ('minhlinh542091', 'minhlinh542091@yahoo.com', 'Trần Thiên Tâm', '123456789', 'account.png', '0911628869', NULL);
INSERT `accounts` (`username`, `email`, `fullname`, `password`, `photo`, `phone`, `active`) VALUES ('minhlinh789096', 'minhlinh789096@outlook.com', 'Diệp Kim Mỹ', '123456789', 'account.png', '0963344582', 1);
INSERT `accounts` (`username`, `email`, `fullname`, `password`, `photo`, `phone`, `active`) VALUES ('minhlinh875073', 'minhlinh875073@gmail.com', 'Viên Vân My', '123456789', 'account.png', '0734913687', 1);
INSERT `accounts` (`username`, `email`, `fullname`, `password`, `photo`, `phone`, `active`) VALUES ('minhlinh963033', 'minhlinh963033@outlook.com', 'Hà Ngọc Trọng', '123456789', 'account.png', '0337282158', 1);
INSERT `accounts` (`username`, `email`, `fullname`, `password`, `photo`, `phone`, `active`) VALUES ('minhlinh963077', 'minhlinh963077@yahoo.com', 'Tào Tú Tâm', '123456789', 'account.png', '0775927699', NULL);
INSERT `accounts` (`username`, `email`, `fullname`, `password`, `photo`, `phone`, `active`) VALUES ('minhlinhAP077', 'minhlinhAP077@gmail.com', 'Thái Mỹ Tài', '123456789', 'account.png', '0776135688', NULL);
INSERT `accounts` (`username`, `email`, `fullname`, `password`, `photo`, `phone`, `active`) VALUES ('minhlinhAP099', 'minhlinhAP099@edu.com.v', 'Mai Tiên Bình', '123456789', 'account.png', '0990969980', 1);
INSERT `accounts` (`username`, `email`, `fullname`, `password`, `photo`, `phone`, `active`) VALUES ('minhlinhCI063', 'minhlinhCI063@gmail.com', 'Đàm Lộc Trọng', '123456789', 'account.png', '0634416627', 1);
INSERT `accounts` (`username`, `email`, `fullname`, `password`, `photo`, `phone`, `active`) VALUES ('minhlinhEXO067', 'minhlinhEXO067@io.com', 'Lê Ngọc My', '123456789', 'account.png', '0672951443', 1);
INSERT `accounts` (`username`, `email`, `fullname`, `password`, `photo`, `phone`, `active`) VALUES ('minhlinhGU071', 'minhlinhGU071@fpt.edu.v', 'Tăng Thị Sương', '123456789', 'account.png', '0711127525', NULL);
INSERT `accounts` (`username`, `email`, `fullname`, `password`, `photo`, `phone`, `active`) VALUES ('minhlinhGU096', 'minhlinhGU096@io.com', 'Phùng Bích Vâ', '123456789', 'account.png', '0969030624', 1);
INSERT `accounts` (`username`, `email`, `fullname`, `password`, `photo`, `phone`, `active`) VALUES ('minhlinhHM072', 'minhlinhHM072@zoho.com', 'Tô Lan Linh', '123456789', 'account.png', '0723804565', NULL);
INSERT `accounts` (`username`, `email`, `fullname`, `password`, `photo`, `phone`, `active`) VALUES ('minhlinhHV031', 'minhlinhHV031@outlook.com', 'Từ Bích My', '123456789', 'account.png', '0319639898', 1);
INSERT `accounts` (`username`, `email`, `fullname`, `password`, `photo`, `phone`, `active`) VALUES ('minhlinhHV071', 'minhlinhHV071@outlook.com', 'Triệu Minh Lam', '123456789', 'account.png', '0712044549', NULL);
INSERT `accounts` (`username`, `email`, `fullname`, `password`, `photo`, `phone`, `active`) VALUES ('minhlinhNC067', 'minhlinhNC067@outlook.com', 'Trần Mỹ Linh', '123456789', 'account.png', '0670505559', NULL);
INSERT `accounts` (`username`, `email`, `fullname`, `password`, `photo`, `phone`, `active`) VALUES ('minhlinhTX062', 'minhlinhTX062@fpt.edu.v', 'Tào Lộc Đức', '123456789', 'account.png', '0629519466', NULL);
INSERT `accounts` (`username`, `email`, `fullname`, `password`, `photo`, `phone`, `active`) VALUES ('minhlinhTX073', 'minhlinhTX073@yahoo.com', 'Huỳnh Minh My', '123456789', 'account.png', '0735238316', NULL);
INSERT `accounts` (`username`, `email`, `fullname`, `password`, `photo`, `phone`, `active`) VALUES ('my123091', 'my123091@edu.com.v', 'Lại Thiên Trinh', '123456789', 'account.png', '0912104384', NULL);
INSERT `accounts` (`username`, `email`, `fullname`, `password`, `photo`, `phone`, `active`) VALUES ('my963071', 'my963071@yahoo.com', 'Huỳnh Thu La', '123456789', 'account.png', '0715520370', NULL);
INSERT `accounts` (`username`, `email`, `fullname`, `password`, `photo`, `phone`, `active`) VALUES ('myAP062', 'myAP062@fpt.edu.v', 'Mai Đình Tuấ', '123456789', 'account.png', '0620150633', 1);
INSERT `accounts` (`username`, `email`, `fullname`, `password`, `photo`, `phone`, `active`) VALUES ('myCI031', 'myCI031@edu.com.v', 'Hà Đình Tâm', '123456789', 'account.png', '0315834986', 1);
INSERT `accounts` (`username`, `email`, `fullname`, `password`, `photo`, `phone`, `active`) VALUES ('myCI075', 'myCI075@outlook.com', 'Khương Bá Nhi', '123456789', 'account.png', '0756574356', 1);
INSERT `accounts` (`username`, `email`, `fullname`, `password`, `photo`, `phone`, `active`) VALUES ('myEXO064', 'myEXO064@io.com', 'Đinh Thanh Trinh', '123456789', 'account.png', '0641415434', 1);
INSERT `accounts` (`username`, `email`, `fullname`, `password`, `photo`, `phone`, `active`) VALUES ('myHA073', 'myHA073@outlook.com', 'Tạ Ngọc Thảo', '123456789', 'account.png', '0730308998', 1);
INSERT `accounts` (`username`, `email`, `fullname`, `password`, `photo`, `phone`, `active`) VALUES ('myHM037', 'myHM037@edu.com.v', 'Lại Tấn Trinh', '123456789', 'account.png', '0374384318', 1);
INSERT `accounts` (`username`, `email`, `fullname`, `password`, `photo`, `phone`, `active`) VALUES ('myHM063', 'myHM063@yahoo.com', 'Khương Bá Cường', '123456789', 'account.png', '0632742864', NULL);
INSERT `accounts` (`username`, `email`, `fullname`, `password`, `photo`, `phone`, `active`) VALUES ('myHV063', 'myHV063@fpt.edu.v', 'Đoàn Vân Cường', '123456789', 'account.png', '0636075317', NULL);
INSERT `accounts` (`username`, `email`, `fullname`, `password`, `photo`, `phone`, `active`) VALUES ('myIT031', 'myIT031@zoho.com', 'Tăng Bích Tài', '123456789', 'account.png', '0317866798', 1);
INSERT `accounts` (`username`, `email`, `fullname`, `password`, `photo`, `phone`, `active`) VALUES ('myIT032', 'myIT032@outlook.com', 'Phan Tú Trọng', '123456789', 'account.png', '0325170241', 1);
INSERT `accounts` (`username`, `email`, `fullname`, `password`, `photo`, `phone`, `active`) VALUES ('myIT035', 'myIT035@edu.com.v', 'Trần Bích Trọng', '123456789', 'account.png', '0356530735', 1);
INSERT `accounts` (`username`, `email`, `fullname`, `password`, `photo`, `phone`, `active`) VALUES ('myIT077', 'myIT077@edu.com.v', 'Trịnh Kim Sơ', '123456789', 'account.png', '0776393494', NULL);
INSERT `accounts` (`username`, `email`, `fullname`, `password`, `photo`, `phone`, `active`) VALUES ('myIT095', 'myIT095@gmail.com', 'Đoàn Vân Thảo', '123456789', 'account.png', '0956882383', NULL);
INSERT `accounts` (`username`, `email`, `fullname`, `password`, `photo`, `phone`, `active`) VALUES ('myNC072', 'myNC072@zoho.com', 'Lương Bích Hương', '123456789', 'account.png', '0721000263', NULL);
INSERT `accounts` (`username`, `email`, `fullname`, `password`, `photo`, `phone`, `active`) VALUES ('myNC075', 'myNC075@gmail.com', 'Ông Minh Vâ', '123456789', 'account.png', '0759261799', NULL);
INSERT `accounts` (`username`, `email`, `fullname`, `password`, `photo`, `phone`, `active`) VALUES ('myQG037', 'myQG037@yahoo.com', 'Quách Thu My', '123456789', 'account.png', '0374619070', 1);
INSERT `accounts` (`username`, `email`, `fullname`, `password`, `photo`, `phone`, `active`) VALUES ('myTX062', 'myTX062@yahoo.com', 'Đoàn Đình Thành', '123456789', 'account.png', '0625389529', NULL);
INSERT `accounts` (`username`, `email`, `fullname`, `password`, `photo`, `phone`, `active`) VALUES ('nam521035', 'nam521035@fpt.edu.v', 'Triệu Bá Lam', '123456789', 'account.png', '0354165275', NULL);
INSERT `accounts` (`username`, `email`, `fullname`, `password`, `photo`, `phone`, `active`) VALUES ('nam542032', 'nam542032@io.com', 'Lại Thanh A', '123456789', 'account.png', '0327431410', NULL);
INSERT `accounts` (`username`, `email`, `fullname`, `password`, `photo`, `phone`, `active`) VALUES ('nam542064', 'nam542064@fpt.edu.v', 'Trần Bích Mỹ', '123456789', 'account.png', '0648900690', 1);
INSERT `accounts` (`username`, `email`, `fullname`, `password`, `photo`, `phone`, `active`) VALUES ('nam789032', 'nam789032@fpt.edu.v', 'Triệu  Vâ', '123456789', 'account.png', '0329039722', 1);
INSERT `accounts` (`username`, `email`, `fullname`, `password`, `photo`, `phone`, `active`) VALUES ('nam875062', 'nam875062@io.com', 'Đào  Thanh', '123456789', 'account.png', '0629072132', 1);
INSERT `accounts` (`username`, `email`, `fullname`, `password`, `photo`, `phone`, `active`) VALUES ('namCI064', 'namCI064@fpt.edu.v', 'Viên Quang Tâ', '123456789', 'account.png', '0644988894', 1);
INSERT `accounts` (`username`, `email`, `fullname`, `password`, `photo`, `phone`, `active`) VALUES ('namEXO032', 'namEXO032@yahoo.com', 'Đàm Tú Lam', '123456789', 'account.png', '0328048479', NULL);
INSERT `accounts` (`username`, `email`, `fullname`, `password`, `photo`, `phone`, `active`) VALUES ('namEXO033', 'namEXO033@outlook.com', 'Phùng Thanh Tâm', '123456789', 'account.png', '0339393082', NULL);
INSERT `accounts` (`username`, `email`, `fullname`, `password`, `photo`, `phone`, `active`) VALUES ('namEXO064', 'namEXO064@outlook.com', 'Tạ Bích Sương', '123456789', 'account.png', '0645664938', 1);
INSERT `accounts` (`username`, `email`, `fullname`, `password`, `photo`, `phone`, `active`) VALUES ('namEXO077', 'namEXO077@edu.com.v', 'Đồng Thanh Đức', '123456789', 'account.png', '0773475148', 1);
INSERT `accounts` (`username`, `email`, `fullname`, `password`, `photo`, `phone`, `active`) VALUES ('namGU039', 'namGU039@edu.com.v', 'Tô Thị Mỹ', '123456789', 'account.png', '0396442446', 1);
INSERT `accounts` (`username`, `email`, `fullname`, `password`, `photo`, `phone`, `active`) VALUES ('namHA077', 'namHA077@outlook.com', 'Phan Vân Hương', '123456789', 'account.png', '0772790642', NULL);
INSERT `accounts` (`username`, `email`, `fullname`, `password`, `photo`, `phone`, `active`) VALUES ('namHM071', 'namHM071@yahoo.com', 'Nguyễn Minh My', '123456789', 'account.png', '0716974930', NULL);
INSERT `accounts` (`username`, `email`, `fullname`, `password`, `photo`, `phone`, `active`) VALUES ('namHM073', 'namHM073@fpt.edu.v', 'Trương Kim Nam', '123456789', 'account.png', '0731897986', NULL);
INSERT `accounts` (`username`, `email`, `fullname`, `password`, `photo`, `phone`, `active`) VALUES ('namHV073', 'namHV073@edu.com.v', 'Đào Ngọc Lam', '123456789', 'account.png', '0733144105', 1);
INSERT `accounts` (`username`, `email`, `fullname`, `password`, `photo`, `phone`, `active`) VALUES ('namHV095', 'namHV095@outlook.com', 'Thôi Quang Cường', '123456789', 'account.png', '0952554025', NULL);
INSERT `accounts` (`username`, `email`, `fullname`, `password`, `photo`, `phone`, `active`) VALUES ('namHV096', 'namHV096@edu.com.v', 'Lương Thu Hương', '123456789', 'account.png', '0960418514', 1);
INSERT `accounts` (`username`, `email`, `fullname`, `password`, `photo`, `phone`, `active`) VALUES ('namIT090', 'namIT090@gmail.com', 'Đoàn Bá Nam', '123456789', 'account.png', '0904189019', 1);
INSERT `accounts` (`username`, `email`, `fullname`, `password`, `photo`, `phone`, `active`) VALUES ('namTX072', 'namTX072@gmail.com', 'Trương Trùng Linh', '123456789', 'account.png', '0727692615', 1);
INSERT `accounts` (`username`, `email`, `fullname`, `password`, `photo`, `phone`, `active`) VALUES ('namTX090', 'namTX090@edu.com.v', 'Khương Vân Khải', '123456789', 'account.png', '0907779987', NULL);
INSERT `accounts` (`username`, `email`, `fullname`, `password`, `photo`, `phone`, `active`) VALUES ('namXX031', 'namXX031@edu.com.v', 'Phùng Bá Lam', '123456789', 'account.png', '0318093283', 1);
INSERT `accounts` (`username`, `email`, `fullname`, `password`, `photo`, `phone`, `active`) VALUES ('namXX090', 'namXX090@fpt.edu.v', 'Hà Minh Tuấ', '123456789', 'account.png', '0903935074', NULL);
INSERT `accounts` (`username`, `email`, `fullname`, `password`, `photo`, `phone`, `active`) VALUES ('ngan521039', 'ngan521039@fpt.edu.v', 'Phùng Thanh Nam', '123456789', 'account.png', '0398791759', 1);
INSERT `accounts` (`username`, `email`, `fullname`, `password`, `photo`, `phone`, `active`) VALUES ('ngan521067', 'ngan521067@gmail.com', 'Lê Khởi Cường', '123456789', 'account.png', '0673587902', NULL);
INSERT `accounts` (`username`, `email`, `fullname`, `password`, `photo`, `phone`, `active`) VALUES ('ngan521091', 'ngan521091@outlook.com', 'Lại Tú Đức', '123456789', 'account.png', '0917031737', NULL);
INSERT `accounts` (`username`, `email`, `fullname`, `password`, `photo`, `phone`, `active`) VALUES ('ngan542073', 'ngan542073@yahoo.com', 'Từ Minh Tâm', '123456789', 'account.png', '0734532345', 1);
INSERT `accounts` (`username`, `email`, `fullname`, `password`, `photo`, `phone`, `active`) VALUES ('ngan875031', 'ngan875031@zoho.com', 'Quách Thị My', '123456789', 'account.png', '0312838033', 1);
INSERT `accounts` (`username`, `email`, `fullname`, `password`, `photo`, `phone`, `active`) VALUES ('ngan963062', 'ngan963062@outlook.com', 'Triệu Lan Bình', '123456789', 'account.png', '0624200374', NULL);
INSERT `accounts` (`username`, `email`, `fullname`, `password`, `photo`, `phone`, `active`) VALUES ('nganAP037', 'nganAP037@outlook.com', 'Lý Tiên Tài', '123456789', 'account.png', '0379626501', 1);
INSERT `accounts` (`username`, `email`, `fullname`, `password`, `photo`, `phone`, `active`) VALUES ('nganAP067', 'nganAP067@yahoo.com', 'Khương Trùng Ngâ', '123456789', 'account.png', '0675951686', NULL);
INSERT `accounts` (`username`, `email`, `fullname`, `password`, `photo`, `phone`, `active`) VALUES ('nganAP077', 'nganAP077@yahoo.com', 'Viên Bích Tâ', '123456789', 'account.png', '0771109234', NULL);
INSERT `accounts` (`username`, `email`, `fullname`, `password`, `photo`, `phone`, `active`) VALUES ('nganEXO091', 'nganEXO091@gmail.com', 'Nhâm Thị Cường', '123456789', 'account.png', '0911815571', 1);
INSERT `accounts` (`username`, `email`, `fullname`, `password`, `photo`, `phone`, `active`) VALUES ('nganGU031', 'nganGU031@io.com', 'Mai Trọng Khải', '123456789', 'account.png', '0316068512', 1);
INSERT `accounts` (`username`, `email`, `fullname`, `password`, `photo`, `phone`, `active`) VALUES ('nganGU071', 'nganGU071@fpt.edu.v', 'Lý Bích My', '123456789', 'account.png', '0717936987', NULL);
INSERT `accounts` (`username`, `email`, `fullname`, `password`, `photo`, `phone`, `active`) VALUES ('nganHM099', 'nganHM099@zoho.com', 'Hà Thanh Thảo', '123456789', 'account.png', '0993041020', NULL);
INSERT `accounts` (`username`, `email`, `fullname`, `password`, `photo`, `phone`, `active`) VALUES ('nganIT067', 'nganIT067@zoho.com', 'Diệp Tiên Hương', '123456789', 'account.png', '0677025845', NULL);
INSERT `accounts` (`username`, `email`, `fullname`, `password`, `photo`, `phone`, `active`) VALUES ('nganKA037', 'nganKA037@yahoo.com', 'Tạ Tấn Thảo', '123456789', 'account.png', '0374609547', NULL);
INSERT `accounts` (`username`, `email`, `fullname`, `password`, `photo`, `phone`, `active`) VALUES ('nganKA062', 'nganKA062@zoho.com', 'Huỳnh Đình My', '123456789', 'account.png', '0620223677', NULL);
INSERT `accounts` (`username`, `email`, `fullname`, `password`, `photo`, `phone`, `active`) VALUES ('nganNC067', 'nganNC067@gmail.com', 'Mai Trùng Tâ', '123456789', 'account.png', '0674783535', 1);
INSERT `accounts` (`username`, `email`, `fullname`, `password`, `photo`, `phone`, `active`) VALUES ('nganQG031', 'nganQG031@fpt.edu.v', 'Trịnh Văn Ngâ', '123456789', 'account.png', '0316454803', NULL);
INSERT `accounts` (`username`, `email`, `fullname`, `password`, `photo`, `phone`, `active`) VALUES ('nganTX091', 'nganTX091@zoho.com', 'Mai Thanh Ngâ', '123456789', 'account.png', '0911123179', NULL);
INSERT `accounts` (`username`, `email`, `fullname`, `password`, `photo`, `phone`, `active`) VALUES ('nganXX091', 'nganXX091@gmail.com', 'Viên Bích Sương', '123456789', 'account.png', '0912766344', 1);
INSERT `accounts` (`username`, `email`, `fullname`, `password`, `photo`, `phone`, `active`) VALUES ('nguyenkha220699', 'nguyenn;ckha220699@gmail.com', 'Nguyễn Minh Kha', '0907718993', 'account.png', '0918257410', NULL);
INSERT `accounts` (`username`, `email`, `fullname`, `password`, `photo`, `phone`, `active`) VALUES ('nhi521033', 'nhi521033@yahoo.com', 'Đồng Mỹ Trinh', '123456789', 'account.png', '0333096486', NULL);
INSERT `accounts` (`username`, `email`, `fullname`, `password`, `photo`, `phone`, `active`) VALUES ('nhi521095', 'nhi521095@io.com', 'Lê  Hương', '123456789', 'account.png', '0950746363', NULL);
INSERT `accounts` (`username`, `email`, `fullname`, `password`, `photo`, `phone`, `active`) VALUES ('nhi789035', 'nhi789035@gmail.com', 'Phạm Thanh Tuấ', '123456789', 'account.png', '0354867842', 1);
INSERT `accounts` (`username`, `email`, `fullname`, `password`, `photo`, `phone`, `active`) VALUES ('nhi963031', 'nhi963031@gmail.com', 'Từ Tú Trọng', '123456789', 'account.png', '0312656759', NULL);
INSERT `accounts` (`username`, `email`, `fullname`, `password`, `photo`, `phone`, `active`) VALUES ('nhiAP039', 'nhiAP039@gmail.com', 'Nhâm  My', '123456789', 'account.png', '0396440467', 1);
INSERT `accounts` (`username`, `email`, `fullname`, `password`, `photo`, `phone`, `active`) VALUES ('nhiEXO095', 'nhiEXO095@gmail.com', 'Mai Mỹ Tuấ', '123456789', 'account.png', '0957235958', 1);
INSERT `accounts` (`username`, `email`, `fullname`, `password`, `photo`, `phone`, `active`) VALUES ('nhiHA031', 'nhiHA031@gmail.com', 'Tô Bá Tài', '123456789', 'account.png', '0313214718', NULL);
INSERT `accounts` (`username`, `email`, `fullname`, `password`, `photo`, `phone`, `active`) VALUES ('nhiHM064', 'nhiHM064@yahoo.com', 'Lê Khởi Cường', '123456789', 'account.png', '0641017417', 1);
INSERT `accounts` (`username`, `email`, `fullname`, `password`, `photo`, `phone`, `active`) VALUES ('nhiHM096', 'nhiHM096@io.com', 'Lê Tấn Trinh', '123456789', 'account.png', '0963376872', NULL);
INSERT `accounts` (`username`, `email`, `fullname`, `password`, `photo`, `phone`, `active`) VALUES ('nhiIT099', 'nhiIT099@outlook.com', 'Lương Tấn Khải', '123456789', 'account.png', '0996943928', NULL);
INSERT `accounts` (`username`, `email`, `fullname`, `password`, `photo`, `phone`, `active`) VALUES ('nhiNC032', 'nhiNC032@fpt.edu.v', 'Thôi  Thảo', '123456789', 'account.png', '0323369812', NULL);
INSERT `accounts` (`username`, `email`, `fullname`, `password`, `photo`, `phone`, `active`) VALUES ('nhiNC067', 'nhiNC067@fpt.edu.v', 'Đào Lộc A', '123456789', 'account.png', '0676966572', 1);
INSERT `accounts` (`username`, `email`, `fullname`, `password`, `photo`, `phone`, `active`) VALUES ('phu123039', 'phu123039@yahoo.com', 'Tô Trọng Tâ', '123456789', 'account.png', '0394879750', NULL);
INSERT `accounts` (`username`, `email`, `fullname`, `password`, `photo`, `phone`, `active`) VALUES ('phu123073', 'phu123073@zoho.com', 'Đồng Mỹ Thảo', '123456789', 'account.png', '0730781230', 1);
INSERT `accounts` (`username`, `email`, `fullname`, `password`, `photo`, `phone`, `active`) VALUES ('phu521063', 'phu521063@edu.com.v', 'Đào Lan Khang', '123456789', 'account.png', '0631280247', 1);
INSERT `accounts` (`username`, `email`, `fullname`, `password`, `photo`, `phone`, `active`) VALUES ('phu542063', 'phu542063@io.com', 'Đào Văn Mỹ', '123456789', 'account.png', '0639443904', NULL);
INSERT `accounts` (`username`, `email`, `fullname`, `password`, `photo`, `phone`, `active`) VALUES ('phu789077', 'phu789077@yahoo.com', 'Ông Vân Thành', '123456789', 'account.png', '0778495612', 1);
INSERT `accounts` (`username`, `email`, `fullname`, `password`, `photo`, `phone`, `active`) VALUES ('phu875067', 'phu875067@outlook.com', 'Nhâm Thiên Thành', '123456789', 'account.png', '0677977228', 1);
INSERT `accounts` (`username`, `email`, `fullname`, `password`, `photo`, `phone`, `active`) VALUES ('phuAP090', 'phuAP090@outlook.com', 'Lý Tiên Vâ', '123456789', 'account.png', '0909121147', 1);
INSERT `accounts` (`username`, `email`, `fullname`, `password`, `photo`, `phone`, `active`) VALUES ('phuCI064', 'phuCI064@io.com', 'Tạ Thu Sương', '123456789', 'account.png', '0647584417', 1);
INSERT `accounts` (`username`, `email`, `fullname`, `password`, `photo`, `phone`, `active`) VALUES ('phuGU071', 'phuGU071@fpt.edu.v', 'Tạ Bích Ngâ', '123456789', 'account.png', '0719316800', 1);
INSERT `accounts` (`username`, `email`, `fullname`, `password`, `photo`, `phone`, `active`) VALUES ('phuHA090', 'phuHA090@gmail.com', 'Thái Khởi Khải', '123456789', 'account.png', '0905628842', 1);
INSERT `accounts` (`username`, `email`, `fullname`, `password`, `photo`, `phone`, `active`) VALUES ('phuHV067', 'phuHV067@fpt.edu.v', 'Phan Vân A', '123456789', 'account.png', '0678828706', 1);
INSERT `accounts` (`username`, `email`, `fullname`, `password`, `photo`, `phone`, `active`) VALUES ('phuIT077', 'phuIT077@outlook.com', 'Viên Thiên Tâ', '123456789', 'account.png', '0774152802', NULL);
INSERT `accounts` (`username`, `email`, `fullname`, `password`, `photo`, `phone`, `active`) VALUES ('phuKA032', 'phuKA032@edu.com.v', 'Nguyễn Vân Linh', '123456789', 'account.png', '0320429113', NULL);
INSERT `accounts` (`username`, `email`, `fullname`, `password`, `photo`, `phone`, `active`) VALUES ('phunghieuvan123', 'Phunghieuvan75@gmail.com', 'Phùng Hiểu Vă', '123456789', 'account.png', '0905521447', NULL);
INSERT `accounts` (`username`, `email`, `fullname`, `password`, `photo`, `phone`, `active`) VALUES ('phuQG033', 'phuQG033@outlook.com', 'Khương Trọng My', '123456789', 'account.png', '0333493377', 1);
INSERT `accounts` (`username`, `email`, `fullname`, `password`, `photo`, `phone`, `active`) VALUES ('phuXX031', 'phuXX031@fpt.edu.v', 'Thái Thiên Tâ', '123456789', 'account.png', '0319501084', NULL);
INSERT `accounts` (`username`, `email`, `fullname`, `password`, `photo`, `phone`, `active`) VALUES ('QuyenCute', 'quyenhv.2001@gmail.com', 'Hoàng Quyề', '123456789', 'account.png', '0652452145', NULL);
INSERT `accounts` (`username`, `email`, `fullname`, `password`, `photo`, `phone`, `active`) VALUES ('son521090', 'son521090@zoho.com', 'Hà Mỹ Hương', '123456789', 'account.png', '0903070644', 1);
INSERT `accounts` (`username`, `email`, `fullname`, `password`, `photo`, `phone`, `active`) VALUES ('son542033', 'son542033@yahoo.com', 'Phạm Thị Sương', '123456789', 'account.png', '0334222809', 1);
INSERT `accounts` (`username`, `email`, `fullname`, `password`, `photo`, `phone`, `active`) VALUES ('son875077', 'son875077@edu.com.v', 'Đàm Thiên Tâ', '123456789', 'account.png', '0776950475', 1);
INSERT `accounts` (`username`, `email`, `fullname`, `password`, `photo`, `phone`, `active`) VALUES ('son963062', 'son963062@edu.com.v', 'Tô Văn Sơ', '123456789', 'account.png', '0621143513', NULL);
INSERT `accounts` (`username`, `email`, `fullname`, `password`, `photo`, `phone`, `active`) VALUES ('son963063', 'son963063@outlook.com', 'Hà Bích A', '123456789', 'account.png', '0635552674', 1);
INSERT `accounts` (`username`, `email`, `fullname`, `password`, `photo`, `phone`, `active`) VALUES ('son963075', 'son963075@zoho.com', 'Trương Mỹ Khang', '123456789', 'account.png', '0750141068', 1);
INSERT `accounts` (`username`, `email`, `fullname`, `password`, `photo`, `phone`, `active`) VALUES ('son963090', 'son963090@yahoo.com', 'Từ Thị Ngâ', '123456789', 'account.png', '0906926382', 1);
INSERT `accounts` (`username`, `email`, `fullname`, `password`, `photo`, `phone`, `active`) VALUES ('sonAP075', 'sonAP075@io.com', 'Đàm Thanh My', '123456789', 'account.png', '0757490741', 1);
INSERT `accounts` (`username`, `email`, `fullname`, `password`, `photo`, `phone`, `active`) VALUES ('sonEXO031', 'sonEXO031@fpt.edu.v', 'Phùng Lộc Linh', '123456789', 'account.png', '0313520184', 1);
INSERT `accounts` (`username`, `email`, `fullname`, `password`, `photo`, `phone`, `active`) VALUES ('sonHA037', 'sonHA037@yahoo.com', 'Đoàn Tấn Khang', '123456789', 'account.png', '0379358907', 1);
INSERT `accounts` (`username`, `email`, `fullname`, `password`, `photo`, `phone`, `active`) VALUES ('sonHA075', 'sonHA075@gmail.com', 'Trần Lộc Hương', '123456789', 'account.png', '0750919217', 1);
INSERT `accounts` (`username`, `email`, `fullname`, `password`, `photo`, `phone`, `active`) VALUES ('sonHA096', 'sonHA096@io.com', 'Viên Thị Sơ', '123456789', 'account.png', '0965419974', NULL);
INSERT `accounts` (`username`, `email`, `fullname`, `password`, `photo`, `phone`, `active`) VALUES ('sonHM037', 'sonHM037@yahoo.com', 'Hà  Hương', '123456789', 'account.png', '0370626759', 1);
INSERT `accounts` (`username`, `email`, `fullname`, `password`, `photo`, `phone`, `active`) VALUES ('sonHV035', 'sonHV035@yahoo.com', 'Tăng Ngọc Thanh', '123456789', 'account.png', '0353023443', 1);
INSERT `accounts` (`username`, `email`, `fullname`, `password`, `photo`, `phone`, `active`) VALUES ('sonHV090', 'sonHV090@gmail.com', 'Ông Thị Khang', '123456789', 'account.png', '0903227334', 1);
INSERT `accounts` (`username`, `email`, `fullname`, `password`, `photo`, `phone`, `active`) VALUES ('sonHV099', 'sonHV099@zoho.com', 'Viên Thu Hương', '123456789', 'account.png', '0999493877', NULL);
INSERT `accounts` (`username`, `email`, `fullname`, `password`, `photo`, `phone`, `active`) VALUES ('sonKA067', 'sonKA067@outlook.com', 'Viên Kim Ngâ', '123456789', 'account.png', '0672030732', NULL);
INSERT `accounts` (`username`, `email`, `fullname`, `password`, `photo`, `phone`, `active`) VALUES ('sonQG072', 'sonQG072@outlook.com', 'Lương Vân Đức', '123456789', 'account.png', '0720841020', NULL);
INSERT `accounts` (`username`, `email`, `fullname`, `password`, `photo`, `phone`, `active`) VALUES ('sonTX037', 'sonTX037@yahoo.com', 'Diệp Bích A', '123456789', 'account.png', '0378332879', 1);
INSERT `accounts` (`username`, `email`, `fullname`, `password`, `photo`, `phone`, `active`) VALUES ('sonXX064', 'sonXX064@outlook.com', 'Đoàn Tiên Khải', '123456789', 'account.png', '0645130187', NULL);
INSERT `accounts` (`username`, `email`, `fullname`, `password`, `photo`, `phone`, `active`) VALUES ('suong521090', 'suong521090@yahoo.com', 'Lương Thị Tâ', '123456789', 'account.png', '0900658789', NULL);
INSERT `accounts` (`username`, `email`, `fullname`, `password`, `photo`, `phone`, `active`) VALUES ('suong789064', 'suong789064@zoho.com', 'Lại Mỹ Nhi', '123456789', 'account.png', '0648316511', NULL);
INSERT `accounts` (`username`, `email`, `fullname`, `password`, `photo`, `phone`, `active`) VALUES ('suongEXO031', 'suongEXO031@outlook.com', 'Trương Thị Nhi', '123456789', 'account.png', '0314912729', NULL);
INSERT `accounts` (`username`, `email`, `fullname`, `password`, `photo`, `phone`, `active`) VALUES ('suongGU099', 'suongGU099@yahoo.com', 'Lại Quang Trinh', '123456789', 'account.png', '0991796000', 1);
INSERT `accounts` (`username`, `email`, `fullname`, `password`, `photo`, `phone`, `active`) VALUES ('suongHA075', 'suongHA075@fpt.edu.v', 'Thái Trọng Đức', '123456789', 'account.png', '0759244689', 1);
INSERT `accounts` (`username`, `email`, `fullname`, `password`, `photo`, `phone`, `active`) VALUES ('suongHM033', 'suongHM033@outlook.com', 'Huỳnh Lan Thành', '123456789', 'account.png', '0332788375', 1);
INSERT `accounts` (`username`, `email`, `fullname`, `password`, `photo`, `phone`, `active`) VALUES ('suongHM037', 'suongHM037@io.com', 'Viên Trùng Cường', '123456789', 'account.png', '0370329031', NULL);
INSERT `accounts` (`username`, `email`, `fullname`, `password`, `photo`, `phone`, `active`) VALUES ('suongHM067', 'suongHM067@fpt.edu.v', 'Lý Ngọc My', '123456789', 'account.png', '0678596933', NULL);
INSERT `accounts` (`username`, `email`, `fullname`, `password`, `photo`, `phone`, `active`) VALUES ('suongHV037', 'meo@gmail.baby', 'Huỳnh Tiên Khải', '123456789', 'account.png', '0376120700', NULL);
INSERT `accounts` (`username`, `email`, `fullname`, `password`, `photo`, `phone`, `active`) VALUES ('suongIT091', 'suongIT091@io.com', 'Nhâm Khởi Tuấ', '123456789', 'account.png', '0918241881', NULL);
INSERT `accounts` (`username`, `email`, `fullname`, `password`, `photo`, `phone`, `active`) VALUES ('suongKA091', 'suongKA091@edu.com.v', 'Phan Thiên Trọng', '123456789', 'account.png', '0911991288', NULL);
INSERT `accounts` (`username`, `email`, `fullname`, `password`, `photo`, `phone`, `active`) VALUES ('suongTX095', 'suongTX095@io.com', 'Khương Đình La', '123456789', 'account.png', '0957223721', NULL);
INSERT `accounts` (`username`, `email`, `fullname`, `password`, `photo`, `phone`, `active`) VALUES ('tai123077', 'tai123077@edu.com.v', 'Phùng Văn Khải', '123456789', 'account.png', '0770838224', NULL);
INSERT `accounts` (`username`, `email`, `fullname`, `password`, `photo`, `phone`, `active`) VALUES ('tai521077', 'tai521077@fpt.edu.v', 'Diệp Thanh Sơ', '123456789', 'account.png', '0772515084', NULL);
INSERT `accounts` (`username`, `email`, `fullname`, `password`, `photo`, `phone`, `active`) VALUES ('tai542031', 'tai542031@io.com', 'Hà Thanh Thảo', '123456789', 'account.png', '0319051372', 1);
INSERT `accounts` (`username`, `email`, `fullname`, `password`, `photo`, `phone`, `active`) VALUES ('tai789064', 'tai789064@yahoo.com', 'Cao Văn Đức', '123456789', 'account.png', '0641253957', NULL);
INSERT `accounts` (`username`, `email`, `fullname`, `password`, `photo`, `phone`, `active`) VALUES ('taiCI095', 'taiCI095@zoho.com', 'Khương Thị Cường', '123456789', 'account.png', '0959990483', NULL);
INSERT `accounts` (`username`, `email`, `fullname`, `password`, `photo`, `phone`, `active`) VALUES ('taiCI096', 'taiCI096@edu.com.v', 'Diệp Thiên Bình', '123456789', 'account.png', '0960996374', 1);
INSERT `accounts` (`username`, `email`, `fullname`, `password`, `photo`, `phone`, `active`) VALUES ('taiEXO073', 'taiEXO073@yahoo.com', 'Đinh Minh Sơ', '123456789', 'account.png', '0734583825', NULL);
INSERT `accounts` (`username`, `email`, `fullname`, `password`, `photo`, `phone`, `active`) VALUES ('taiEXO096', 'taiEXO096@zoho.com', 'Trần Trọng Tài', '123456789', 'account.png', '0964243047', NULL);
INSERT `accounts` (`username`, `email`, `fullname`, `password`, `photo`, `phone`, `active`) VALUES ('taiGU064', 'taiGU064@gmail.com', 'Huỳnh Thanh Lĩnh', '123456789', 'account.png', '0642269080', NULL);
INSERT `accounts` (`username`, `email`, `fullname`, `password`, `photo`, `phone`, `active`) VALUES ('taiGU077', 'taiGU077@edu.com.v', 'Từ Bích Tài', '123456789', 'account.png', '0773176887', NULL);
INSERT `accounts` (`username`, `email`, `fullname`, `password`, `photo`, `phone`, `active`) VALUES ('taiHM032', 'taiHM032@yahoo.com', 'Diệp Trọng Sơ', '123456789', 'account.png', '0323968012', NULL);
INSERT `accounts` (`username`, `email`, `fullname`, `password`, `photo`, `phone`, `active`) VALUES ('taiHV096', 'taiHV096@outlook.com', 'Triệu  La', '123456789', 'account.png', '0968778398', 1);
INSERT `accounts` (`username`, `email`, `fullname`, `password`, `photo`, `phone`, `active`) VALUES ('taiIT033', 'taiIT033@gmail.com', 'Quách Trọng Trọng', '123456789', 'account.png', '0337637166', NULL);
INSERT `accounts` (`username`, `email`, `fullname`, `password`, `photo`, `phone`, `active`) VALUES ('taiIT090', 'taiIT090@gmail.com', 'Viên Đình Đức', '123456789', 'account.png', '0902339367', NULL);
INSERT `accounts` (`username`, `email`, `fullname`, `password`, `photo`, `phone`, `active`) VALUES ('taiKA031', 'taiKA031@zoho.com', 'Trịnh Thị Thảo', '123456789', 'account.png', '0314328068', NULL);
INSERT `accounts` (`username`, `email`, `fullname`, `password`, `photo`, `phone`, `active`) VALUES ('taiKA037', 'taiKA037@io.com', 'Đoàn Tú Tâ', '123456789', 'account.png', '0376878767', 1);
INSERT `accounts` (`username`, `email`, `fullname`, `password`, `photo`, `phone`, `active`) VALUES ('taiNC031', 'taiNC031@edu.com.v', 'Đinh Thanh Linh', '123456789', 'account.png', '0311493452', NULL);
INSERT `accounts` (`username`, `email`, `fullname`, `password`, `photo`, `phone`, `active`) VALUES ('taiNC037', 'taiNC037@edu.com.v', 'Đồng Mỹ Khải', '123456789', 'account.png', '0376040761', NULL);
INSERT `accounts` (`username`, `email`, `fullname`, `password`, `photo`, `phone`, `active`) VALUES ('taiNC095', 'taiNC095@outlook.com', 'Tạ Văn Tài', '123456789', 'account.png', '0953848246', NULL);
INSERT `accounts` (`username`, `email`, `fullname`, `password`, `photo`, `phone`, `active`) VALUES ('taiTX032', 'taiTX032@edu.com.v', 'Lại Bích Lam', '123456789', 'account.png', '0329212351', 1);
INSERT `accounts` (`username`, `email`, `fullname`, `password`, `photo`, `phone`, `active`) VALUES ('taiXX099', 'taiXX099@zoho.com', 'Viên Bích Đức', '123456789', 'account.png', '0999253984', 1);
INSERT `accounts` (`username`, `email`, `fullname`, `password`, `photo`, `phone`, `active`) VALUES ('tam123090', 'tam123090@io.com', 'Diệp Thanh Ngâ', '123456789', 'account.png', '0900809793', NULL);
INSERT `accounts` (`username`, `email`, `fullname`, `password`, `photo`, `phone`, `active`) VALUES ('tam521072', 'tam521072@fpt.edu.v', 'Thôi Tiên Thảo', '123456789', 'account.png', '0729743712', 1);
INSERT `accounts` (`username`, `email`, `fullname`, `password`, `photo`, `phone`, `active`) VALUES ('tam521091', 'tam521091@fpt.edu.v', 'Đàm Khởi Trọng', '123456789', 'account.png', '0910215946', 1);
INSERT `accounts` (`username`, `email`, `fullname`, `password`, `photo`, `phone`, `active`) VALUES ('tam542039', 'tam542039@zoho.com', 'Trương Thiên My', '123456789', 'account.png', '0397544035', 1);
INSERT `accounts` (`username`, `email`, `fullname`, `password`, `photo`, `phone`, `active`) VALUES ('tam963032', 'tam963032@yahoo.com', 'Đồng Lan La', '123456789', 'account.png', '0325920597', 1);
INSERT `accounts` (`username`, `email`, `fullname`, `password`, `photo`, `phone`, `active`) VALUES ('tamAP067', 'tamAP067@fpt.edu.v', 'Lương Thị Hương', '123456789', 'account.png', '0679050314', 1);
INSERT `accounts` (`username`, `email`, `fullname`, `password`, `photo`, `phone`, `active`) VALUES ('tamAP075', 'tamAP075@outlook.com', 'Khương Lan Sơ', '123456789', 'account.png', '0753511654', 1);
INSERT `accounts` (`username`, `email`, `fullname`, `password`, `photo`, `phone`, `active`) VALUES ('tamCI062', 'tamCI062@io.com', 'Đàm  Ngâ', '123456789', 'account.png', '0622007024', NULL);
INSERT `accounts` (`username`, `email`, `fullname`, `password`, `photo`, `phone`, `active`) VALUES ('tamEXO062', 'tamEXO062@outlook.com', 'Tào Tú Thanh', '123456789', 'account.png', '0623449617', 1);
INSERT `accounts` (`username`, `email`, `fullname`, `password`, `photo`, `phone`, `active`) VALUES ('tamHA067', 'tamHA067@fpt.edu.v', 'Ông Trùng Cường', '123456789', 'account.png', '0675291678', NULL);
INSERT `accounts` (`username`, `email`, `fullname`, `password`, `photo`, `phone`, `active`) VALUES ('tamHA077', 'tamHA077@yahoo.com', 'Lại Minh Sương', '123456789', 'account.png', '0777954662', NULL);
INSERT `accounts` (`username`, `email`, `fullname`, `password`, `photo`, `phone`, `active`) VALUES ('tamHM067', 'tamHM067@outlook.com', 'Trịnh Ngọc Nam', '123456789', 'account.png', '0672657848', 1);
INSERT `accounts` (`username`, `email`, `fullname`, `password`, `photo`, `phone`, `active`) VALUES ('tamIT071', 'tamIT071@zoho.com', 'Tăng Khởi Hương', '123456789', 'account.png', '0716922924', NULL);
INSERT `accounts` (`username`, `email`, `fullname`, `password`, `photo`, `phone`, `active`) VALUES ('tamIT091', 'tamIT091@yahoo.com', 'Trương Bích Ngâ', '123456789', 'account.png', '0915176525', 1);
INSERT `accounts` (`username`, `email`, `fullname`, `password`, `photo`, `phone`, `active`) VALUES ('tamQG035', 'tamQG035@edu.com.v', 'Ông Thiên Thảo', '123456789', 'account.png', '0356925816', 1);
INSERT `accounts` (`username`, `email`, `fullname`, `password`, `photo`, `phone`, `active`) VALUES ('tamQG075', 'tamQG075@outlook.com', 'Hà Bích Đức', '123456789', 'account.png', '0752958452', 1);
INSERT `accounts` (`username`, `email`, `fullname`, `password`, `photo`, `phone`, `active`) VALUES ('tamTX071', 'tamTX071@yahoo.com', 'Trần Vân Phú', '123456789', 'account.png', '0719799713', NULL);
INSERT `accounts` (`username`, `email`, `fullname`, `password`, `photo`, `phone`, `active`) VALUES ('tamXX071', 'tamXX071@io.com', 'Huỳnh Thị La', '123456789', 'account.png', '0717485994', 1);
INSERT `accounts` (`username`, `email`, `fullname`, `password`, `photo`, `phone`, `active`) VALUES ('tamXX077', 'tamXX077@edu.com.v', 'Trịnh Tiên Ngâ', '123456789', 'account.png', '0772979109', NULL);
INSERT `accounts` (`username`, `email`, `fullname`, `password`, `photo`, `phone`, `active`) VALUES ('tamXX095', 'tamXX095@gmail.com', 'Đồng Thiên Khải', '123456789', 'account.png', '0959811104', NULL);
INSERT `accounts` (`username`, `email`, `fullname`, `password`, `photo`, `phone`, `active`) VALUES ('tan123037', 'tan123037@edu.com.v', 'Mai  Thanh', '123456789', 'account.png', '0379652930', 1);
INSERT `accounts` (`username`, `email`, `fullname`, `password`, `photo`, `phone`, `active`) VALUES ('tan123099', 'tan123099@fpt.edu.v', 'Diệp  Linh', '123456789', 'account.png', '0994551096', 1);
INSERT `accounts` (`username`, `email`, `fullname`, `password`, `photo`, `phone`, `active`) VALUES ('tan875037', 'tan875037@zoho.com', 'Đồng Đình Tâ', '123456789', 'account.png', '0374382463', 1);
INSERT `accounts` (`username`, `email`, `fullname`, `password`, `photo`, `phone`, `active`) VALUES ('tan875095', 'tan875095@gmail.com', 'Huỳnh Thiên Thanh', '123456789', 'account.png', '0952199314', 1);
INSERT `accounts` (`username`, `email`, `fullname`, `password`, `photo`, `phone`, `active`) VALUES ('tan963073', 'tan963073@yahoo.com', 'Phùng Đình Tài', '123456789', 'account.png', '0732129689', NULL);
INSERT `accounts` (`username`, `email`, `fullname`, `password`, `photo`, `phone`, `active`) VALUES ('tanAP090', 'tanAP090@zoho.com', 'Trần Thị My', '123456789', 'account.png', '0903258244', 1);
INSERT `accounts` (`username`, `email`, `fullname`, `password`, `photo`, `phone`, `active`) VALUES ('tanCI033', 'tanCI033@fpt.edu.v', 'Lê Văn Nhi', '123456789', 'account.png', '0335158174', NULL);
INSERT `accounts` (`username`, `email`, `fullname`, `password`, `photo`, `phone`, `active`) VALUES ('tanCI035', 'tanCI035@outlook.com', 'Đào Tấn Hương', '123456789', 'account.png', '0355065462', 1);
INSERT `accounts` (`username`, `email`, `fullname`, `password`, `photo`, `phone`, `active`) VALUES ('tanEXO064', 'tanEXO064@fpt.edu.v', 'Đoàn Thanh Đức', '123456789', 'account.png', '0643591780', 1);
INSERT `accounts` (`username`, `email`, `fullname`, `password`, `photo`, `phone`, `active`) VALUES ('tanEXO075', 'tanEXO075@zoho.com', 'Thái Mỹ Thảo', '123456789', 'account.png', '0759188352', 1);
INSERT `accounts` (`username`, `email`, `fullname`, `password`, `photo`, `phone`, `active`) VALUES ('tanEXO091', 'tanEXO091@outlook.com', 'Hà Trùng Thành', '123456789', 'account.png', '0912991425', NULL);
INSERT `accounts` (`username`, `email`, `fullname`, `password`, `photo`, `phone`, `active`) VALUES ('tanEXO095', 'tanEXO095@zoho.com', 'Nhâm Bá Lam', '123456789', 'account.png', '0957800308', 1);
INSERT `accounts` (`username`, `email`, `fullname`, `password`, `photo`, `phone`, `active`) VALUES ('tanGU033', 'tanGU033@edu.com.v', 'Phan Khởi Khang', '123456789', 'account.png', '0338597339', NULL);
INSERT `accounts` (`username`, `email`, `fullname`, `password`, `photo`, `phone`, `active`) VALUES ('tanHA077', 'tanHA077@outlook.com', 'Hà Vân Linh', '123456789', 'account.png', '0779243663', NULL);
INSERT `accounts` (`username`, `email`, `fullname`, `password`, `photo`, `phone`, `active`) VALUES ('tanHA090', 'tanHA090@yahoo.com', 'Viên Minh Ngâ', '123456789', 'account.png', '0903962898', 1);
INSERT `accounts` (`username`, `email`, `fullname`, `password`, `photo`, `phone`, `active`) VALUES ('tanHM096', 'tanHM096@yahoo.com', 'Tăng Bá Trọng', '123456789', 'account.png', '0968781861', 1);
INSERT `accounts` (`username`, `email`, `fullname`, `password`, `photo`, `phone`, `active`) VALUES ('tanHV067', 'tanHV067@edu.com.v', 'Triệu Quang Lam', '123456789', 'account.png', '0671676986', 1);
INSERT `accounts` (`username`, `email`, `fullname`, `password`, `photo`, `phone`, `active`) VALUES ('tanIT091', 'tanIT091@io.com', 'Đinh Thiên Sơ', '123456789', 'account.png', '0911943624', NULL);
INSERT `accounts` (`username`, `email`, `fullname`, `password`, `photo`, `phone`, `active`) VALUES ('tanKA071', 'tanKA071@yahoo.com', 'Đoàn Mỹ Linh', '123456789', 'account.png', '0712115687', NULL);
INSERT `accounts` (`username`, `email`, `fullname`, `password`, `photo`, `phone`, `active`) VALUES ('tanNC035', 'tanNC035@fpt.edu.v', 'Phạm Mỹ La', '123456789', 'account.png', '0355130000', NULL);
INSERT `accounts` (`username`, `email`, `fullname`, `password`, `photo`, `phone`, `active`) VALUES ('tanTX062', 'tanTX062@io.com', 'Triệu Quang Nhi', '123456789', 'account.png', '0621048954', 1);
INSERT `accounts` (`username`, `email`, `fullname`, `password`, `photo`, `phone`, `active`) VALUES ('tanXX067', 'tanXX067@fpt.edu.v', 'Diệp Bích Hương', '123456789', 'account.png', '0674831611', NULL);
INSERT `accounts` (`username`, `email`, `fullname`, `password`, `photo`, `phone`, `active`) VALUES ('thanh123039', 'thanh123039@fpt.edu.v', 'Phùng Tấn Ngâ', '123456789', 'account.png', '0393189351', NULL);
INSERT `accounts` (`username`, `email`, `fullname`, `password`, `photo`, `phone`, `active`) VALUES ('thanh521073', 'thanh521073@edu.com.v', 'Từ Bá Bình', '123456789', 'account.png', '0736487350', NULL);
INSERT `accounts` (`username`, `email`, `fullname`, `password`, `photo`, `phone`, `active`) VALUES ('thanh521075', 'thanh521075@gmail.com', 'Khương Minh Đức', '123456789', 'account.png', '0750041712', 1);
INSERT `accounts` (`username`, `email`, `fullname`, `password`, `photo`, `phone`, `active`) VALUES ('thanh542031', 'thanh542031@zoho.com', 'Hà Tiên Khang', '123456789', 'account.png', '0314965850', NULL);
INSERT `accounts` (`username`, `email`, `fullname`, `password`, `photo`, `phone`, `active`) VALUES ('thanh542039', 'thanh542039@outlook.com', 'Nhâm Thanh Thanh', '123456789', 'account.png', '0399658484', NULL);
INSERT `accounts` (`username`, `email`, `fullname`, `password`, `photo`, `phone`, `active`) VALUES ('thanh542072', 'thanh542072@fpt.edu.v', 'Nhâm Bích Khải', '123456789', 'account.png', '0723412891', NULL);
INSERT `accounts` (`username`, `email`, `fullname`, `password`, `photo`, `phone`, `active`) VALUES ('thanh789091', 'thanh789091@zoho.com', 'Thôi  Khang', '123456789', 'account.png', '0913135455', NULL);
INSERT `accounts` (`username`, `email`, `fullname`, `password`, `photo`, `phone`, `active`) VALUES ('thanh875039', 'thanh875039@fpt.edu.v', 'Mai Tiên My', '123456789', 'account.png', '0391446241', NULL);
INSERT `accounts` (`username`, `email`, `fullname`, `password`, `photo`, `phone`, `active`) VALUES ('thanh875063', 'thanh875063@edu.com.v', 'Cao Lộc Tâ', '123456789', 'account.png', '0636836705', 1);
INSERT `accounts` (`username`, `email`, `fullname`, `password`, `photo`, `phone`, `active`) VALUES ('thanh875072', 'thanh875072@gmail.com', 'Thái Văn Mỹ', '123456789', 'account.png', '0721023217', NULL);
INSERT `accounts` (`username`, `email`, `fullname`, `password`, `photo`, `phone`, `active`) VALUES ('thanh875095', 'thanh875095@outlook.com', 'Quách Bá Sương', '123456789', 'account.png', '0955020605', 1);
INSERT `accounts` (`username`, `email`, `fullname`, `password`, `photo`, `phone`, `active`) VALUES ('thanh963071', 'thanh963071@zoho.com', 'Diệp Lộc Tâm', '123456789', 'account.png', '0716415484', 1);
INSERT `accounts` (`username`, `email`, `fullname`, `password`, `photo`, `phone`, `active`) VALUES ('thanh963095', 'thanh963095@outlook.com', 'Lý Ngọc Hương', '123456789', 'account.png', '0955319711', NULL);
INSERT `accounts` (`username`, `email`, `fullname`, `password`, `photo`, `phone`, `active`) VALUES ('thanhAP037', 'thanhAP037@zoho.com', 'Mai Văn Phú', '123456789', 'account.png', '0377234727', 1);
INSERT `accounts` (`username`, `email`, `fullname`, `password`, `photo`, `phone`, `active`) VALUES ('thanhCI033', 'thanhCI033@io.com', 'Phùng Thiên Thảo', '123456789', 'account.png', '0332732653', 1);
INSERT `accounts` (`username`, `email`, `fullname`, `password`, `photo`, `phone`, `active`) VALUES ('thanhCI035', 'thanhCI035@gmail.com', 'Cao Thanh Tài', '123456789', 'account.png', '0352190434', NULL);
INSERT `accounts` (`username`, `email`, `fullname`, `password`, `photo`, `phone`, `active`) VALUES ('thanhCI062', 'thanhCI062@fpt.edu.v', 'Đào Trọng Lam', '123456789', 'account.png', '0629244450', 1);
INSERT `accounts` (`username`, `email`, `fullname`, `password`, `photo`, `phone`, `active`) VALUES ('thanhHA073', 'thanhHA073@fpt.edu.v', 'Đoàn Ngọc Khang', '123456789', 'account.png', '0738283391', 1);
INSERT `accounts` (`username`, `email`, `fullname`, `password`, `photo`, `phone`, `active`) VALUES ('thanhHM033', 'thanhHM033@gmail.com', 'Viên Bích Nhi', '123456789', 'account.png', '0331494557', NULL);
INSERT `accounts` (`username`, `email`, `fullname`, `password`, `photo`, `phone`, `active`) VALUES ('thanhHM064', 'thanhHM064@gmail.com', 'Lý Mỹ My', '123456789', 'account.png', '0643397769', 1);
INSERT `accounts` (`username`, `email`, `fullname`, `password`, `photo`, `phone`, `active`) VALUES ('thanhHV067', 'thanhHV067@io.com', 'Ông  Vâ', '123456789', 'account.png', '0674103986', NULL);
INSERT `accounts` (`username`, `email`, `fullname`, `password`, `photo`, `phone`, `active`) VALUES ('thanhIT039', 'thanhIT039@outlook.com', 'Nguyễn Lộc Tuấ', '123456789', 'account.png', '0398186529', NULL);
INSERT `accounts` (`username`, `email`, `fullname`, `password`, `photo`, `phone`, `active`) VALUES ('thanhIT064', 'thanhIT064@fpt.edu.v', 'Diệp Mỹ My', '123456789', 'account.png', '0646140550', 1);
INSERT `accounts` (`username`, `email`, `fullname`, `password`, `photo`, `phone`, `active`) VALUES ('ThanhLam2001', 'lamnttpd04220@fpt.edu.v', 'Nguyễn Thị Thanh Lam', '123456789', 'account.png', '0698547559', 1);
INSERT `accounts` (`username`, `email`, `fullname`, `password`, `photo`, `phone`, `active`) VALUES ('ThanhLamGirl', 'kangminseok1025199@gmail.com', 'Nguyễn Thị Thanh Lam', '123456789', 'account.png', '0959591919', NULL);
INSERT `accounts` (`username`, `email`, `fullname`, `password`, `photo`, `phone`, `active`) VALUES ('thanhTX032', 'thanhTX032@fpt.edu.v', 'Thôi Tấn Thành', '123456789', 'account.png', '0322448369', NULL);
INSERT `accounts` (`username`, `email`, `fullname`, `password`, `photo`, `phone`, `active`) VALUES ('thanhTX075', 'thanhTX075@yahoo.com', 'Đoàn  Tài', '123456789', 'account.png', '0755120220', 1);
INSERT `accounts` (`username`, `email`, `fullname`, `password`, `photo`, `phone`, `active`) VALUES ('thanhXX035', 'thanhXX035@gmail.com', 'Trịnh Thanh Ngâ', '123456789', 'account.png', '0352725092', 1);
INSERT `accounts` (`username`, `email`, `fullname`, `password`, `photo`, `phone`, `active`) VALUES ('thanhXX095', 'thanhXX095@fpt.edu.v', 'Lại Văn Khải', '123456789', 'account.png', '0951522599', NULL);
INSERT `accounts` (`username`, `email`, `fullname`, `password`, `photo`, `phone`, `active`) VALUES ('thao521033', 'thao521033@outlook.com', 'Đồng Minh Trọng', '123456789', 'account.png', '0332449010', NULL);
INSERT `accounts` (`username`, `email`, `fullname`, `password`, `photo`, `phone`, `active`) VALUES ('thao542099', 'thao542099@io.com', 'Trương Minh Nam', '123456789', 'account.png', '0996748170', NULL);
INSERT `accounts` (`username`, `email`, `fullname`, `password`, `photo`, `phone`, `active`) VALUES ('thao789064', 'thao789064@yahoo.com', 'Tô Minh A', '123456789', 'account.png', '0649378659', 1);
INSERT `accounts` (`username`, `email`, `fullname`, `password`, `photo`, `phone`, `active`) VALUES ('thao789067', 'thao789067@gmail.com', 'Thôi Tiên Bình', '123456789', 'account.png', '0678438611', NULL);
INSERT `accounts` (`username`, `email`, `fullname`, `password`, `photo`, `phone`, `active`) VALUES ('thao875033', 'thao875033@yahoo.com', 'Cao Bá Thảo', '123456789', 'account.png', '0332039817', 1);
INSERT `accounts` (`username`, `email`, `fullname`, `password`, `photo`, `phone`, `active`) VALUES ('thao963033', 'thao963033@yahoo.com', 'Lý Thiên Tâ', '123456789', 'account.png', '0333154909', 1);
INSERT `accounts` (`username`, `email`, `fullname`, `password`, `photo`, `phone`, `active`) VALUES ('thaoAP062', 'thaoAP062@yahoo.com', 'Mai Thanh A', '123456789', 'account.png', '0628169590', NULL);
INSERT `accounts` (`username`, `email`, `fullname`, `password`, `photo`, `phone`, `active`) VALUES ('thaoEXO071', 'thaoEXO071@io.com', 'Trần Thu Ngâ', '123456789', 'account.png', '0719019007', 1);
INSERT `accounts` (`username`, `email`, `fullname`, `password`, `photo`, `phone`, `active`) VALUES ('thaoGU032', 'thaoGU032@fpt.edu.v', 'Đào Thu Đức', '123456789', 'account.png', '0327617303', NULL);
INSERT `accounts` (`username`, `email`, `fullname`, `password`, `photo`, `phone`, `active`) VALUES ('thaoHA096', 'thaoHA096@zoho.com', 'Huỳnh Tú Thảo', '123456789', 'account.png', '0968700904', 1);
INSERT `accounts` (`username`, `email`, `fullname`, `password`, `photo`, `phone`, `active`) VALUES ('thaoHM067', 'thaoHM067@zoho.com', 'Khương Tấn Thanh', '123456789', 'account.png', '0672268270', 1);
INSERT `accounts` (`username`, `email`, `fullname`, `password`, `photo`, `phone`, `active`) VALUES ('thaoHV037', 'thaoHV037@yahoo.com', 'Lại Thu Thanh', '123456789', 'account.png', '0377282885', NULL);
INSERT `accounts` (`username`, `email`, `fullname`, `password`, `photo`, `phone`, `active`) VALUES ('thaoIT035', 'thaoIT035@io.com', 'Phùng Tú My', '123456789', 'account.png', '0357671504', 1);
INSERT `accounts` (`username`, `email`, `fullname`, `password`, `photo`, `phone`, `active`) VALUES ('thaoKA035', 'thaoKA035@zoho.com', 'Đàm Lan Sơ', '123456789', 'account.png', '0355254930', NULL);
INSERT `accounts` (`username`, `email`, `fullname`, `password`, `photo`, `phone`, `active`) VALUES ('thaoKA062', 'thaoKA062@io.com', 'Đào Tú Khải', '123456789', 'account.png', '0624402065', NULL);
INSERT `accounts` (`username`, `email`, `fullname`, `password`, `photo`, `phone`, `active`) VALUES ('thaoNC033', 'thaoNC033@edu.com.v', 'Trịnh Vân Tài', '123456789', 'account.png', '0334293040', NULL);
INSERT `accounts` (`username`, `email`, `fullname`, `password`, `photo`, `phone`, `active`) VALUES ('thaoNC071', 'thaoNC071@outlook.com', 'Lại Đình Trọng', '123456789', 'account.png', '0714327598', NULL);
INSERT `accounts` (`username`, `email`, `fullname`, `password`, `photo`, `phone`, `active`) VALUES ('thaoNC073', 'thaoNC073@zoho.com', 'Ông Thu Hương', '123456789', 'account.png', '0734043193', NULL);
INSERT `accounts` (`username`, `email`, `fullname`, `password`, `photo`, `phone`, `active`) VALUES ('thaoTX037', 'thaoTX037@outlook.com', 'Đinh Quang Hương', '123456789', 'account.png', '0370290444', 1);
INSERT `accounts` (`username`, `email`, `fullname`, `password`, `photo`, `phone`, `active`) VALUES ('thaoXX035', 'thaoXX035@outlook.com', 'Triệu Bích Khang', '123456789', 'account.png', '0358542768', NULL);
INSERT `accounts` (`username`, `email`, `fullname`, `password`, `photo`, `phone`, `active`) VALUES ('thaoXX095', 'thaoXX095@gmail.com', 'Trần Vân Lĩnh', '123456789', 'account.png', '0956124472', 1);
INSERT `accounts` (`username`, `email`, `fullname`, `password`, `photo`, `phone`, `active`) VALUES ('trinh875031', 'trinh875031@yahoo.com', 'Phùng Vân Tài', '123456789', 'account.png', '0312023680', 1);
INSERT `accounts` (`username`, `email`, `fullname`, `password`, `photo`, `phone`, `active`) VALUES ('trinh963032', 'trinh963032@gmail.com', 'Trần Lộc Bình', '123456789', 'account.png', '0321388039', NULL);
INSERT `accounts` (`username`, `email`, `fullname`, `password`, `photo`, `phone`, `active`) VALUES ('trinhEXO032', 'trinhEXO032@fpt.edu.v', 'Đinh Kim Trọng', '123456789', 'account.png', '0325803782', 1);
INSERT `accounts` (`username`, `email`, `fullname`, `password`, `photo`, `phone`, `active`) VALUES ('trinhEXO073', 'trinhEXO073@zoho.com', 'Phùng Vân Lam', '123456789', 'account.png', '0734780522', 1);
INSERT `accounts` (`username`, `email`, `fullname`, `password`, `photo`, `phone`, `active`) VALUES ('trinhGU035', 'trinhGU035@yahoo.com', 'Trịnh Đình Thành', '123456789', 'account.png', '0352767059', 1);
INSERT `accounts` (`username`, `email`, `fullname`, `password`, `photo`, `phone`, `active`) VALUES ('trinhHV031', 'trinhHV031@zoho.com', 'Đàm Đình Sơ', '123456789', 'account.png', '0312648023', NULL);
INSERT `accounts` (`username`, `email`, `fullname`, `password`, `photo`, `phone`, `active`) VALUES ('trinhKA062', 'trinhKA062@edu.com.v', 'Lý Tiên Lĩnh', '123456789', 'account.png', '0626079439', 1);
INSERT `accounts` (`username`, `email`, `fullname`, `password`, `photo`, `phone`, `active`) VALUES ('trinhQG062', 'trinhQG062@yahoo.com', 'Khương Thị Tâ', '123456789', 'account.png', '0624159274', NULL);
INSERT `accounts` (`username`, `email`, `fullname`, `password`, `photo`, `phone`, `active`) VALUES ('trinhQG071', 'trinhQG071@yahoo.com', 'Lương Bá Bình', '123456789', 'account.png', '0719831018', 1);
INSERT `accounts` (`username`, `email`, `fullname`, `password`, `photo`, `phone`, `active`) VALUES ('trinhTX062', 'trinhTX062@fpt.edu.v', 'Trần Khởi Thanh', '123456789', 'account.png', '0623252030', NULL);
INSERT `accounts` (`username`, `email`, `fullname`, `password`, `photo`, `phone`, `active`) VALUES ('trinhTX099', 'trinhTX099@io.com', 'Nguyễn Bích My', '123456789', 'account.png', '0992879106', NULL);
INSERT `accounts` (`username`, `email`, `fullname`, `password`, `photo`, `phone`, `active`) VALUES ('trinhXX032', 'trinhXX032@zoho.com', 'Lại Lan Đức', '123456789', 'account.png', '0322419571', NULL);
INSERT `accounts` (`username`, `email`, `fullname`, `password`, `photo`, `phone`, `active`) VALUES ('trinhXX039', 'trinhXX039@yahoo.com', 'Quách Mỹ Tâm', '123456789', 'account.png', '0390504259', 1);
INSERT `accounts` (`username`, `email`, `fullname`, `password`, `photo`, `phone`, `active`) VALUES ('trong123095', 'trong123095@zoho.com', 'Nhâm Văn Mỹ', '123456789', 'account.png', '0956765954', NULL);
INSERT `accounts` (`username`, `email`, `fullname`, `password`, `photo`, `phone`, `active`) VALUES ('trong875067', 'trong875067@outlook.com', 'Đàm Tấn Khang', '123456789', 'account.png', '0670629621', 1);
INSERT `accounts` (`username`, `email`, `fullname`, `password`, `photo`, `phone`, `active`) VALUES ('trongAP031', 'trongAP031@zoho.com', 'Tào Lan Thành', '123456789', 'account.png', '0317367398', 1);
INSERT `accounts` (`username`, `email`, `fullname`, `password`, `photo`, `phone`, `active`) VALUES ('trongAP091', 'trongAP091@io.com', 'Nhâm Vân Lam', '123456789', 'account.png', '0916943776', NULL);
INSERT `accounts` (`username`, `email`, `fullname`, `password`, `photo`, `phone`, `active`) VALUES ('trongEXO031', 'trongEXO031@gmail.com', 'Hà Tiên Linh', '123456789', 'account.png', '0317544211', 1);
INSERT `accounts` (`username`, `email`, `fullname`, `password`, `photo`, `phone`, `active`) VALUES ('trongGU062', 'trongGU062@edu.com.v', 'Tô Vân My', '123456789', 'account.png', '0629497688', 1);
INSERT `accounts` (`username`, `email`, `fullname`, `password`, `photo`, `phone`, `active`) VALUES ('trongGU077', 'trongGU077@fpt.edu.v', 'Lương Minh Khải', '123456789', 'account.png', '0777195834', 1);
INSERT `accounts` (`username`, `email`, `fullname`, `password`, `photo`, `phone`, `active`) VALUES ('trongHA095', 'trongHA095@gmail.com', 'Phùng Thiên Ngâ', '123456789', 'account.png', '0953351779', 1);
INSERT `accounts` (`username`, `email`, `fullname`, `password`, `photo`, `phone`, `active`) VALUES ('trongHM067', 'trongHM067@zoho.com', 'Tăng Mỹ Sương', '123456789', 'account.png', '0674911334', 1);
INSERT `accounts` (`username`, `email`, `fullname`, `password`, `photo`, `phone`, `active`) VALUES ('trongIT091', 'trongIT091@outlook.com', 'Tạ Thanh Nhi', '123456789', 'account.png', '0918323646', NULL);
INSERT `accounts` (`username`, `email`, `fullname`, `password`, `photo`, `phone`, `active`) VALUES ('trongKA064', 'trongKA064@gmail.com', 'Đào Ngọc Linh', '123456789', 'account.png', '0645531694', NULL);
INSERT `accounts` (`username`, `email`, `fullname`, `password`, `photo`, `phone`, `active`) VALUES ('trongNC039', 'trongNC039@io.com', 'Nhâm Bích Tài', '123456789', 'account.png', '0390786978', 1);
INSERT `accounts` (`username`, `email`, `fullname`, `password`, `photo`, `phone`, `active`) VALUES ('trongQG062', 'trongQG062@zoho.com', 'Hà Văn Mỹ', '123456789', 'account.png', '0621789894', NULL);
INSERT `accounts` (`username`, `email`, `fullname`, `password`, `photo`, `phone`, `active`) VALUES ('tuanAP071', 'tuanAP071@zoho.com', 'Thái Ngọc Khang', '123456789', 'account.png', '0719036837', NULL);
INSERT `accounts` (`username`, `email`, `fullname`, `password`, `photo`, `phone`, `active`) VALUES ('tuanAP073', 'tuanAP073@gmail.com', 'Tào  Khang', '123456789', 'account.png', '0735246640', 1);
INSERT `accounts` (`username`, `email`, `fullname`, `password`, `photo`, `phone`, `active`) VALUES ('tuanCI039', 'tuanCI039@fpt.edu.v', 'Tào Văn Trọng', '123456789', 'account.png', '0394545272', 1);
INSERT `accounts` (`username`, `email`, `fullname`, `password`, `photo`, `phone`, `active`) VALUES ('tuanEXO099', 'tuanEXO099@outlook.com', 'Cao Tấn Sương', '123456789', 'account.png', '0993009824', NULL);
INSERT `accounts` (`username`, `email`, `fullname`, `password`, `photo`, `phone`, `active`) VALUES ('tuanHA075', 'tuanHA075@fpt.edu.v', 'Lương Đình Phú', '123456789', 'account.png', '0752521309', 1);
INSERT `accounts` (`username`, `email`, `fullname`, `password`, `photo`, `phone`, `active`) VALUES ('tuanHV039', 'tuanHV039@outlook.com', 'Đinh Lan Nhi', '123456789', 'account.png', '0394267978', NULL);
INSERT `accounts` (`username`, `email`, `fullname`, `password`, `photo`, `phone`, `active`) VALUES ('tuanHV072', 'tuanHV072@edu.com.v', 'Lê Thị Thanh', '123456789', 'account.png', '0727648758', 1);
INSERT `accounts` (`username`, `email`, `fullname`, `password`, `photo`, `phone`, `active`) VALUES ('tuanIT064', 'tuanIT064@zoho.com', 'Lương Tấn La', '123456789', 'account.png', '0640226185', 1);
INSERT `accounts` (`username`, `email`, `fullname`, `password`, `photo`, `phone`, `active`) VALUES ('tuanKA091', 'tuanKA091@yahoo.com', 'Hà Đình Vâ', '123456789', 'account.png', '0916538008', 1);
INSERT `accounts` (`username`, `email`, `fullname`, `password`, `photo`, `phone`, `active`) VALUES ('tuanNC033', 'tuanNC033@gmail.com', 'Tào Thiên Sơ', '123456789', 'account.png', '0334381024', NULL);
INSERT `accounts` (`username`, `email`, `fullname`, `password`, `photo`, `phone`, `active`) VALUES ('tuanQG031', 'tuanQG031@zoho.com', 'Hà Quang Nhi', '123456789', 'account.png', '0316624725', 1);
INSERT `accounts` (`username`, `email`, `fullname`, `password`, `photo`, `phone`, `active`) VALUES ('tuanTX031', 'tuanTX031@io.com', 'Tào Vân Hương', '123456789', 'account.png', '0317828941', NULL);
INSERT `accounts` (`username`, `email`, `fullname`, `password`, `photo`, `phone`, `active`) VALUES ('tuanTX099', 'tuanTX099@gmail.com', 'Trương Tiên Trọng', '123456789', 'account.png', '0999164621', 1);
INSERT `accounts` (`username`, `email`, `fullname`, `password`, `photo`, `phone`, `active`) VALUES ('van542099', 'van542099@edu.com.v', 'Đồng Bích Tâm', '123456789', 'account.png', '0991400306', 1);
INSERT `accounts` (`username`, `email`, `fullname`, `password`, `photo`, `phone`, `active`) VALUES ('van963032', 'van963032@edu.com.v', 'Trịnh Vân Tuấ', '123456789', 'account.png', '0328268267', NULL);
INSERT `accounts` (`username`, `email`, `fullname`, `password`, `photo`, `phone`, `active`) VALUES ('van963064', 'van963064@gmail.com', 'Phùng Tiên Vâ', '123456789', 'account.png', '0644899160', 1);
INSERT `accounts` (`username`, `email`, `fullname`, `password`, `photo`, `phone`, `active`) VALUES ('van963099', 'van963099@zoho.com', 'Đồng Thị Vâ', '123456789', 'account.png', '0997487663', 1);
INSERT `accounts` (`username`, `email`, `fullname`, `password`, `photo`, `phone`, `active`) VALUES ('vanAP095', 'vanAP095@gmail.com', 'Quách Bích Trọng', '123456789', 'account.png', '0953137661', 1);
INSERT `accounts` (`username`, `email`, `fullname`, `password`, `photo`, `phone`, `active`) VALUES ('vanGU072', 'vanGU072@io.com', 'Quách Bích Thảo', '123456789', 'account.png', '0727840796', 1);
INSERT `accounts` (`username`, `email`, `fullname`, `password`, `photo`, `phone`, `active`) VALUES ('vanGU077', 'vanGU077@edu.com.v', 'Phùng Thanh Khang', '123456789', 'account.png', '0776892847', NULL);
INSERT `accounts` (`username`, `email`, `fullname`, `password`, `photo`, `phone`, `active`) VALUES ('vanIT062', 'vanIT062@fpt.edu.v', 'Trần Thanh Hương', '123456789', 'account.png', '0620720962', 1);
INSERT `accounts` (`username`, `email`, `fullname`, `password`, `photo`, `phone`, `active`) VALUES ('vanIT063', 'vanIT063@gmail.com', 'Nhâm Đình Tuấ', '123456789', 'account.png', '0639639699', 1);
INSERT `accounts` (`username`, `email`, `fullname`, `password`, `photo`, `phone`, `active`) VALUES ('vanIT096', 'vanIT096@gmail.com', 'Thôi Vân Trinh', '123456789', 'account.png', '0969147745', 1);
INSERT `accounts` (`username`, `email`, `fullname`, `password`, `photo`, `phone`, `active`) VALUES ('vanTX064', 'vanTX064@outlook.com', 'Trương Trùng Thành', '123456789', 'account.png', '0645401330', 1);
INSERT `accounts` (`username`, `email`, `fullname`, `password`, `photo`, `phone`, `active`) VALUES ('vanTX075', 'vanTX075@io.com', 'Tô Tấn Bình', '123456789', 'account.png', '0757764563', NULL);
INSERT `accounts` (`username`, `email`, `fullname`, `password`, `photo`, `phone`, `active`) VALUES ('vanXX062', 'vanXX062@zoho.com', 'Từ Văn Trinh', '123456789', 'account.png', '0628167421', 1);



ALTER TABLE addresses MODIFY COLUMN `id` INT;
INSERT `addresses` (`id`, `choose`, `place`, `username`) VALUES (1, 1, 'K341/18 Tôn Đức Thắng, P.Hòa Minh, Q.Liên chiểu, TP.Đà Nẵng', 'nguyenkha220699');
INSERT `addresses` (`id`, `choose`, `place`, `username`) VALUES (4, 0, '53 Đặng Tất, Q.Liên Chiểu, Đ', 'nguyenkha220699');
INSERT `addresses` (`id`, `choose`, `place`, `username`) VALUES (5, 1, '123 Nguyễn Văn Linh, Q.Hải Châu, Phường Vĩnh Trung, TP.Đà Nẵng', 'an123039');
INSERT `addresses` (`id`, `choose`, `place`, `username`) VALUES (6, 0, 'K458/55 Tô Hiệu, Q.Liên Chiểu, P.Hòa Khánh Bắc, TP.Đà Nẵng', 'an123039');
INSERT `addresses` (`id`, `choose`, `place`, `username`) VALUES (8, 1, '123 Tôn Đức Thắng, Q.Liên Chiểu, P.Hòa Minh, Đ', 'anHV031');
INSERT `addresses` (`id`, `choose`, `place`, `username`) VALUES (13, 1, 'Số 5 Phan Đức Long, Quận Thủ Đức, Tp.HCM', 'phuXX031');
INSERT `addresses` (`id`, `choose`, `place`, `username`) VALUES (14, 1, '123 Kinh dương vương, Q.liên chiểu, P.Thanh khê, TP.Đà Nẵng', 'khaiHA033');
INSERT `addresses` (`id`, `choose`, `place`, `username`) VALUES (15, 1, 'K341/52 Tôn Đức Thắng, Q.Liên Chiểu, TP.Đà Nẵng', 'suongHV037');
INSERT `addresses` (`id`, `choose`, `place`, `username`) VALUES (16, 1, '213 Kinh Dương Vương, Q.Cẩm Lệ, TP.Hải Dương', 'nhi963031');
INSERT `addresses` (`id`, `choose`, `place`, `username`) VALUES (17, 0, '123 Tô Hiệu, Q.Thanh khê, P.Ngũ Hành Sơn, TP.Đà Nẵng', 'anHV031');
INSERT `addresses` (`id`, `choose`, `place`, `username`) VALUES (18, 1, '113 Hùng Vương, Thị Trấn Vườn Hài, Phường Phú Hòa, Tỉnh Hà Mỹ, TP.Quãng Ninh', 'tuanEXO099');
INSERT `addresses` (`id`, `choose`, `place`, `username`) VALUES (19, 1, '150-156 Nguyễn Văn Linh, Q.Thanh khê, Phường Vĩnh Trung, Tp.Đà Nẵng', 'trinhQG062');
INSERT `addresses` (`id`, `choose`, `place`, `username`) VALUES (20, 1, 'Hẻm 360 Hồ Qúy Ly, P.Hòa Phú, Q.Phú Mỹ, TP.Đà Lạt', 'van963032');
INSERT `addresses` (`id`, `choose`, `place`, `username`) VALUES (21, 1, 'Đường Hoàng Thị Loan, K830/25, Q.Thanh Khê, Đà Nẵng', 'vanGU077');
INSERT `addresses` (`id`, `choose`, `place`, `username`) VALUES (22, 1, '130 Tô Hiệu, Q.Hải Phòng, TP.Nha Trang', 'thanhHM033');
INSERT `addresses` (`id`, `choose`, `place`, `username`) VALUES (23, 1, '889/18 Trường Chinh, Q.Cẩm Lệ, TP.Đà Nẵng', 'thaoAP062');
INSERT `addresses` (`id`, `choose`, `place`, `username`) VALUES (24, 1, '50 Tô Hiệu, Q.Mỹ Lệ, Phường Hòa Phú, Nghệ A', 'huongGU031');
INSERT `addresses` (`id`, `choose`, `place`, `username`) VALUES (25, 1, '141/18 Phùng Văn, P.An Chiểu, Q.Thanh Tân, Quãng Ngãi', 'minhlinhHM072');
INSERT `addresses` (`id`, `choose`, `place`, `username`) VALUES (26, 1, '441 Võ Nguyên Giáp, Q.13, Phường Hòa Nam, TP.HCM', 'myHV063');
INSERT `addresses` (`id`, `choose`, `place`, `username`) VALUES (27, 1, '123 Đường số 3, Quốc lộ 1A, Phường Phú Mỹ Hưng, TP.HCM', 'nam542032');
ALTER TABLE addresses MODIFY COLUMN `id` bigint AUTO_INCREMENT NOT NULL;



ALTER TABLE `atm` MODIFY COLUMN `id` INT;
INSERT `atm` (`id`, `name`, `company`, `number`, `username`, `valid`) VALUES (1, 'NGUYEN N;C KHA', 'Sacombank', '2008-7818-5189', 'nguyenkha220699', 1);
INSERT `atm` (`id`, `name`, `company`, `number`, `username`, `valid`) VALUES (2, 'DAM N;C HUONG', 'Sacombank', '058854785478', 'anHV031', 1);
INSERT `atm` (`id`, `name`, `company`, `number`, `username`, `valid`) VALUES (4, 'TU TU TRONG', 'Vietcombank', '098858545854', 'nhi963031', 1);
INSERT `atm` (`id`, `name`, `company`, `number`, `username`, `valid`) VALUES (8, 'TO VAN SO', 'Agribank', '098585475', 'son963062', 1);
ALTER TABLE `atm` MODIFY COLUMN `id` int AUTO_INCREMENT NOT NULL;



ALTER TABLE `authorities` MODIFY COLUMN `id` INT;
INSERT `authorities` (`id`, `username`, `roleid`) VALUES (130, 'an123039', 'USER');
INSERT `authorities` (`id`, `username`, `roleid`) VALUES (49, 'an542090', 'STAFF');
INSERT `authorities` (`id`, `username`, `roleid`) VALUES (457, 'an542095', 'USER');
INSERT `authorities` (`id`, `username`, `roleid`) VALUES (143, 'an789071', 'STAFF');
INSERT `authorities` (`id`, `username`, `roleid`) VALUES (107, 'an875037', 'STAFF');
INSERT `authorities` (`id`, `username`, `roleid`) VALUES (67, 'an875096', 'USER');
INSERT `authorities` (`id`, `username`, `roleid`) VALUES (340, 'an875099', 'USER');
INSERT `authorities` (`id`, `username`, `roleid`) VALUES (320, 'an963095', 'USER');
INSERT `authorities` (`id`, `username`, `roleid`) VALUES (44, 'anAP062', 'USER');
INSERT `authorities` (`id`, `username`, `roleid`) VALUES (119, 'anAP073', 'STAFF');
INSERT `authorities` (`id`, `username`, `roleid`) VALUES (79, 'anGU033', 'STAFF');
INSERT `authorities` (`id`, `username`, `roleid`) VALUES (430, 'anGU095', 'STAFF');
INSERT `authorities` (`id`, `username`, `roleid`) VALUES (172, 'anHM095', 'STAFF');
INSERT `authorities` (`id`, `username`, `roleid`) VALUES (98, 'anHV031', 'USER');
INSERT `authorities` (`id`, `username`, `roleid`) VALUES (377, 'anKA035', 'STAFF');
INSERT `authorities` (`id`, `username`, `roleid`) VALUES (33, 'anNC095', 'USER');
INSERT `authorities` (`id`, `username`, `roleid`) VALUES (84, 'anTX077', 'STAFF');
INSERT `authorities` (`id`, `username`, `roleid`) VALUES (316, 'binh123095', 'STAFF');
INSERT `authorities` (`id`, `username`, `roleid`) VALUES (376, 'binh875063', 'USER');
INSERT `authorities` (`id`, `username`, `roleid`) VALUES (339, 'binh875091', 'STAFF');
INSERT `authorities` (`id`, `username`, `roleid`) VALUES (4, 'binhCI090', 'USER');
INSERT `authorities` (`id`, `username`, `roleid`) VALUES (64, 'binhGU062', 'STAFF');
INSERT `authorities` (`id`, `username`, `roleid`) VALUES (191, 'binhHV037', 'STAFF');
INSERT `authorities` (`id`, `username`, `roleid`) VALUES (224, 'binhHV039', 'STAFF');
INSERT `authorities` (`id`, `username`, `roleid`) VALUES (148, 'binhHV090', 'USER');
INSERT `authorities` (`id`, `username`, `roleid`) VALUES (77, 'binhIT073', 'STAFF');
INSERT `authorities` (`id`, `username`, `roleid`) VALUES (110, 'binhIT096', 'STAFF');
INSERT `authorities` (`id`, `username`, `roleid`) VALUES (75, 'binhKA091', 'USER');
INSERT `authorities` (`id`, `username`, `roleid`) VALUES (323, 'binhNC035', 'USER');
INSERT `authorities` (`id`, `username`, `roleid`) VALUES (372, 'binhTX032', 'USER');
INSERT `authorities` (`id`, `username`, `roleid`) VALUES (403, 'binhTX091', 'USER');
INSERT `authorities` (`id`, `username`, `roleid`) VALUES (350, 'binhXX032', 'STAFF');
INSERT `authorities` (`id`, `username`, `roleid`) VALUES (88, 'cuong123075', 'USER');
INSERT `authorities` (`id`, `username`, `roleid`) VALUES (206, 'cuong123099', 'STAFF');
INSERT `authorities` (`id`, `username`, `roleid`) VALUES (397, 'cuong521071', 'USER');
INSERT `authorities` (`id`, `username`, `roleid`) VALUES (137, 'cuong789073', 'USER');
INSERT `authorities` (`id`, `username`, `roleid`) VALUES (7, 'cuong789095', 'STAFF');
INSERT `authorities` (`id`, `username`, `roleid`) VALUES (451, 'cuong963031', 'USER');
INSERT `authorities` (`id`, `username`, `roleid`) VALUES (222, 'cuongAP035', 'USER');
INSERT `authorities` (`id`, `username`, `roleid`) VALUES (440, 'cuongCI071', 'STAFF');
INSERT `authorities` (`id`, `username`, `roleid`) VALUES (120, 'cuongEXO095', 'USER');
INSERT `authorities` (`id`, `username`, `roleid`) VALUES (43, 'cuongEXO099', 'STAFF');
INSERT `authorities` (`id`, `username`, `roleid`) VALUES (251, 'cuongHA067', 'USER');
INSERT `authorities` (`id`, `username`, `roleid`) VALUES (286, 'cuongHA096', 'STAFF');
INSERT `authorities` (`id`, `username`, `roleid`) VALUES (298, 'cuongHV064', 'STAFF');
INSERT `authorities` (`id`, `username`, `roleid`) VALUES (334, 'cuongHV075', 'USER');
INSERT `authorities` (`id`, `username`, `roleid`) VALUES (239, 'cuongKA032', 'USER');
INSERT `authorities` (`id`, `username`, `roleid`) VALUES (128, 'cuongNC032', 'USER');
INSERT `authorities` (`id`, `username`, `roleid`) VALUES (424, 'cuongNC077', 'USER');
INSERT `authorities` (`id`, `username`, `roleid`) VALUES (471, 'cuongXX037', 'USER');
INSERT `authorities` (`id`, `username`, `roleid`) VALUES (60, 'cuongXX062', 'USER');
INSERT `authorities` (`id`, `username`, `roleid`) VALUES (338, 'duc123031', 'STAFF');
INSERT `authorities` (`id`, `username`, `roleid`) VALUES (352, 'duc123064', 'STAFF');
INSERT `authorities` (`id`, `username`, `roleid`) VALUES (246, 'duc521096', 'STAFF');
INSERT `authorities` (`id`, `username`, `roleid`) VALUES (364, 'duc875072', 'USER');
INSERT `authorities` (`id`, `username`, `roleid`) VALUES (467, 'duc875077', 'STAFF');
INSERT `authorities` (`id`, `username`, `roleid`) VALUES (187, 'ducCI096', 'USER');
INSERT `authorities` (`id`, `username`, `roleid`) VALUES (433, 'ducGU077', 'STAFF');
INSERT `authorities` (`id`, `username`, `roleid`) VALUES (293, 'ducGU095', 'STAFF');
INSERT `authorities` (`id`, `username`, `roleid`) VALUES (384, 'ducHA035', 'USER');
INSERT `authorities` (`id`, `username`, `roleid`) VALUES (425, 'ducHA037', 'STAFF');
INSERT `authorities` (`id`, `username`, `roleid`) VALUES (461, 'ducHA064', 'USER');
INSERT `authorities` (`id`, `username`, `roleid`) VALUES (40, 'ducHA075', 'USER');
INSERT `authorities` (`id`, `username`, `roleid`) VALUES (374, 'ducHM063', 'STAFF');
INSERT `authorities` (`id`, `username`, `roleid`) VALUES (134, 'ducHV077', 'USER');
INSERT `authorities` (`id`, `username`, `roleid`) VALUES (138, 'ducHV096', 'USER');
INSERT `authorities` (`id`, `username`, `roleid`) VALUES (13, 'ducKA071', 'STAFF');
INSERT `authorities` (`id`, `username`, `roleid`) VALUES (292, 'ducNC090', 'USER');
INSERT `authorities` (`id`, `username`, `roleid`) VALUES (135, 'ducQG031', 'STAFF');
INSERT `authorities` (`id`, `username`, `roleid`) VALUES (285, 'ducTX077', 'USER');
INSERT `authorities` (`id`, `username`, `roleid`) VALUES (147, 'ducXX062', 'USER');
INSERT `authorities` (`id`, `username`, `roleid`) VALUES (490, 'hieuva', 'STAFF');
INSERT `authorities` (`id`, `username`, `roleid`) VALUES (492, 'HoangQuye', 'STAFF');
INSERT `authorities` (`id`, `username`, `roleid`) VALUES (80, 'huong123095', 'USER');
INSERT `authorities` (`id`, `username`, `roleid`) VALUES (259, 'huong789075', 'STAFF');
INSERT `authorities` (`id`, `username`, `roleid`) VALUES (42, 'huong963064', 'USER');
INSERT `authorities` (`id`, `username`, `roleid`) VALUES (382, 'huong963071', 'USER');
INSERT `authorities` (`id`, `username`, `roleid`) VALUES (455, 'huong963095', 'USER');
INSERT `authorities` (`id`, `username`, `roleid`) VALUES (429, 'huongAP073', 'STAFF');
INSERT `authorities` (`id`, `username`, `roleid`) VALUES (482, 'huongGU031', 'USER');
INSERT `authorities` (`id`, `username`, `roleid`) VALUES (111, 'huongGU091', 'STAFF');
INSERT `authorities` (`id`, `username`, `roleid`) VALUES (229, 'huongHM071', 'STAFF');
INSERT `authorities` (`id`, `username`, `roleid`) VALUES (166, 'huongHM075', 'STAFF');
INSERT `authorities` (`id`, `username`, `roleid`) VALUES (103, 'huongHV033', 'USER');
INSERT `authorities` (`id`, `username`, `roleid`) VALUES (11, 'huongIT096', 'STAFF');
INSERT `authorities` (`id`, `username`, `roleid`) VALUES (474, 'huongQG064', 'USER');
INSERT `authorities` (`id`, `username`, `roleid`) VALUES (412, 'huongQG077', 'STAFF');
INSERT `authorities` (`id`, `username`, `roleid`) VALUES (52, 'huongTX033', 'STAFF');
INSERT `authorities` (`id`, `username`, `roleid`) VALUES (452, 'huongTX096', 'USER');
INSERT `authorities` (`id`, `username`, `roleid`) VALUES (61, 'huongXX064', 'STAFF');
INSERT `authorities` (`id`, `username`, `roleid`) VALUES (495, 'iwdki', 'STAFF');
INSERT `authorities` (`id`, `username`, `roleid`) VALUES (459, 'khai521073', 'STAFF');
INSERT `authorities` (`id`, `username`, `roleid`) VALUES (317, 'khai542035', 'USER');
INSERT `authorities` (`id`, `username`, `roleid`) VALUES (264, 'khai542037', 'STAFF');
INSERT `authorities` (`id`, `username`, `roleid`) VALUES (360, 'khai542063', 'STAFF');
INSERT `authorities` (`id`, `username`, `roleid`) VALUES (463, 'khai542071', 'STAFF');
INSERT `authorities` (`id`, `username`, `roleid`) VALUES (473, 'khai875072', 'STAFF');
INSERT `authorities` (`id`, `username`, `roleid`) VALUES (335, 'khaiAP063', 'USER');
INSERT `authorities` (`id`, `username`, `roleid`) VALUES (140, 'khaiAP073', 'STAFF');
INSERT `authorities` (`id`, `username`, `roleid`) VALUES (125, 'khaiEXO075', 'STAFF');
INSERT `authorities` (`id`, `username`, `roleid`) VALUES (16, 'khaiHA032', 'STAFF');
INSERT `authorities` (`id`, `username`, `roleid`) VALUES (417, 'khaiHA033', 'USER');
INSERT `authorities` (`id`, `username`, `roleid`) VALUES (428, 'khaiHM062', 'STAFF');
INSERT `authorities` (`id`, `username`, `roleid`) VALUES (122, 'khaiHM073', 'STAFF');
INSERT `authorities` (`id`, `username`, `roleid`) VALUES (295, 'khaiHM096', 'USER');
INSERT `authorities` (`id`, `username`, `roleid`) VALUES (41, 'khaiKA095', 'USER');
INSERT `authorities` (`id`, `username`, `roleid`) VALUES (275, 'khaiNC032', 'STAFF');
INSERT `authorities` (`id`, `username`, `roleid`) VALUES (408, 'khaiNC063', 'STAFF');
INSERT `authorities` (`id`, `username`, `roleid`) VALUES (248, 'khaiQG033', 'STAFF');
INSERT `authorities` (`id`, `username`, `roleid`) VALUES (276, 'khaiQG071', 'STAFF');
INSERT `authorities` (`id`, `username`, `roleid`) VALUES (311, 'khaiTX031', 'STAFF');
INSERT `authorities` (`id`, `username`, `roleid`) VALUES (241, 'khaiTX072', 'USER');
INSERT `authorities` (`id`, `username`, `roleid`) VALUES (228, 'khaiXX072', 'USER');
INSERT `authorities` (`id`, `username`, `roleid`) VALUES (218, 'khang521071', 'STAFF');
INSERT `authorities` (`id`, `username`, `roleid`) VALUES (362, 'khang875099', 'USER');
INSERT `authorities` (`id`, `username`, `roleid`) VALUES (26, 'khangAP096', 'STAFF');
INSERT `authorities` (`id`, `username`, `roleid`) VALUES (183, 'khangEXO096', 'STAFF');
INSERT `authorities` (`id`, `username`, `roleid`) VALUES (383, 'khangGU095', 'USER');
INSERT `authorities` (`id`, `username`, `roleid`) VALUES (51, 'khangGU099', 'USER');
INSERT `authorities` (`id`, `username`, `roleid`) VALUES (150, 'khangHA063', 'USER');
INSERT `authorities` (`id`, `username`, `roleid`) VALUES (71, 'khangHM096', 'USER');
INSERT `authorities` (`id`, `username`, `roleid`) VALUES (287, 'khangHV032', 'STAFF');
INSERT `authorities` (`id`, `username`, `roleid`) VALUES (281, 'khangHV090', 'STAFF');
INSERT `authorities` (`id`, `username`, `roleid`) VALUES (247, 'khangIT067', 'USER');
INSERT `authorities` (`id`, `username`, `roleid`) VALUES (395, 'khangIT095', 'STAFF');
INSERT `authorities` (`id`, `username`, `roleid`) VALUES (198, 'khangKA032', 'STAFF');
INSERT `authorities` (`id`, `username`, `roleid`) VALUES (249, 'khangKA064', 'STAFF');
INSERT `authorities` (`id`, `username`, `roleid`) VALUES (484, 'khangNC077', 'USER');
INSERT `authorities` (`id`, `username`, `roleid`) VALUES (344, 'khangNC091', 'USER');
INSERT `authorities` (`id`, `username`, `roleid`) VALUES (74, 'khangTX039', 'USER');
INSERT `authorities` (`id`, `username`, `roleid`) VALUES (160, 'khangXX064', 'STAFF');
INSERT `authorities` (`id`, `username`, `roleid`) VALUES (486, 'khannit159', 'ADMIN');
INSERT `authorities` (`id`, `username`, `roleid`) VALUES (220, 'lam542062', 'USER');
INSERT `authorities` (`id`, `username`, `roleid`) VALUES (394, 'lam542096', 'STAFF');
INSERT `authorities` (`id`, `username`, `roleid`) VALUES (393, 'lam789071', 'STAFF');
INSERT `authorities` (`id`, `username`, `roleid`) VALUES (271, 'lam875072', 'STAFF');
INSERT `authorities` (`id`, `username`, `roleid`) VALUES (402, 'lam963063', 'USER');
INSERT `authorities` (`id`, `username`, `roleid`) VALUES (359, 'lam963090', 'STAFF');
INSERT `authorities` (`id`, `username`, `roleid`) VALUES (131, 'lamAP095', 'USER');
INSERT `authorities` (`id`, `username`, `roleid`) VALUES (399, 'lamEXO039', 'STAFF');
INSERT `authorities` (`id`, `username`, `roleid`) VALUES (330, 'lamEXO090', 'USER');
INSERT `authorities` (`id`, `username`, `roleid`) VALUES (20, 'lamEXO099', 'STAFF');
INSERT `authorities` (`id`, `username`, `roleid`) VALUES (453, 'lamGU031', 'USER');
INSERT `authorities` (`id`, `username`, `roleid`) VALUES (14, 'lamIT035', 'USER');
INSERT `authorities` (`id`, `username`, `roleid`) VALUES (82, 'lamIT039', 'STAFF');
INSERT `authorities` (`id`, `username`, `roleid`) VALUES (270, 'lamIT073', 'USER');
INSERT `authorities` (`id`, `username`, `roleid`) VALUES (209, 'lamNC037', 'STAFF');
INSERT `authorities` (`id`, `username`, `roleid`) VALUES (50, 'lamNC090', 'USER');
INSERT `authorities` (`id`, `username`, `roleid`) VALUES (194, 'lamQG032', 'STAFF');
INSERT `authorities` (`id`, `username`, `roleid`) VALUES (426, 'lamQG099', 'USER');
INSERT `authorities` (`id`, `username`, `roleid`) VALUES (101, 'lan521096', 'USER');
INSERT `authorities` (`id`, `username`, `roleid`) VALUES (315, 'lan542033', 'USER');
INSERT `authorities` (`id`, `username`, `roleid`) VALUES (419, 'lan789062', 'STAFF');
INSERT `authorities` (`id`, `username`, `roleid`) VALUES (324, 'lan789095', 'USER');
INSERT `authorities` (`id`, `username`, `roleid`) VALUES (477, 'lan875091', 'USER');
INSERT `authorities` (`id`, `username`, `roleid`) VALUES (410, 'lan963032', 'USER');
INSERT `authorities` (`id`, `username`, `roleid`) VALUES (223, 'lan963062', 'USER');
INSERT `authorities` (`id`, `username`, `roleid`) VALUES (356, 'lanAP090', 'STAFF');
INSERT `authorities` (`id`, `username`, `roleid`) VALUES (443, 'lanAP091', 'USER');
INSERT `authorities` (`id`, `username`, `roleid`) VALUES (169, 'lanAP095', 'STAFF');
INSERT `authorities` (`id`, `username`, `roleid`) VALUES (370, 'lanCI073', 'STAFF');
INSERT `authorities` (`id`, `username`, `roleid`) VALUES (458, 'lanEXO096', 'USER');
INSERT `authorities` (`id`, `username`, `roleid`) VALUES (434, 'lanGU067', 'STAFF');
INSERT `authorities` (`id`, `username`, `roleid`) VALUES (257, 'lanHA072', 'USER');
INSERT `authorities` (`id`, `username`, `roleid`) VALUES (232, 'lanKA032', 'STAFF');
INSERT `authorities` (`id`, `username`, `roleid`) VALUES (258, 'lanKA095', 'USER');
INSERT `authorities` (`id`, `username`, `roleid`) VALUES (333, 'lanNC072', 'STAFF');
INSERT `authorities` (`id`, `username`, `roleid`) VALUES (201, 'lanQG062', 'STAFF');
INSERT `authorities` (`id`, `username`, `roleid`) VALUES (10, 'lanQG064', 'STAFF');
INSERT `authorities` (`id`, `username`, `roleid`) VALUES (24, 'lanQG072', 'USER');
INSERT `authorities` (`id`, `username`, `roleid`) VALUES (165, 'lanXX090', 'USER');
INSERT `authorities` (`id`, `username`, `roleid`) VALUES (46, 'lanXX091', 'STAFF');
INSERT `authorities` (`id`, `username`, `roleid`) VALUES (115, 'linh123033', 'STAFF');
INSERT `authorities` (`id`, `username`, `roleid`) VALUES (142, 'linh521099', 'USER');
INSERT `authorities` (`id`, `username`, `roleid`) VALUES (124, 'linh542031', 'STAFF');
INSERT `authorities` (`id`, `username`, `roleid`) VALUES (205, 'linh875032', 'USER');
INSERT `authorities` (`id`, `username`, `roleid`) VALUES (284, 'linhAP072', 'STAFF');
INSERT `authorities` (`id`, `username`, `roleid`) VALUES (197, 'linhCI062', 'STAFF');
INSERT `authorities` (`id`, `username`, `roleid`) VALUES (347, 'linhEXO071', 'STAFF');
INSERT `authorities` (`id`, `username`, `roleid`) VALUES (112, 'linhGU077', 'STAFF');
INSERT `authorities` (`id`, `username`, `roleid`) VALUES (427, 'linhGU091', 'USER');
INSERT `authorities` (`id`, `username`, `roleid`) VALUES (420, 'linhGU099', 'STAFF');
INSERT `authorities` (`id`, `username`, `roleid`) VALUES (38, 'linhIT035', 'STAFF');
INSERT `authorities` (`id`, `username`, `roleid`) VALUES (465, 'linhIT075', 'STAFF');
INSERT `authorities` (`id`, `username`, `roleid`) VALUES (357, 'linhNC096', 'USER');
INSERT `authorities` (`id`, `username`, `roleid`) VALUES (45, 'linhQG091', 'STAFF');
INSERT `authorities` (`id`, `username`, `roleid`) VALUES (447, 'linhXX077', 'STAFF');
INSERT `authorities` (`id`, `username`, `roleid`) VALUES (157, 'minhlinh521033', 'STAFF');
INSERT `authorities` (`id`, `username`, `roleid`) VALUES (269, 'minhlinh542039', 'STAFF');
INSERT `authorities` (`id`, `username`, `roleid`) VALUES (252, 'minhlinh542091', 'USER');
INSERT `authorities` (`id`, `username`, `roleid`) VALUES (136, 'minhlinh789096', 'STAFF');
INSERT `authorities` (`id`, `username`, `roleid`) VALUES (95, 'minhlinh875073', 'STAFF');
INSERT `authorities` (`id`, `username`, `roleid`) VALUES (481, 'minhlinh963033', 'STAFF');
INSERT `authorities` (`id`, `username`, `roleid`) VALUES (174, 'minhlinh963077', 'USER');
INSERT `authorities` (`id`, `username`, `roleid`) VALUES (63, 'minhlinhAP077', 'USER');
INSERT `authorities` (`id`, `username`, `roleid`) VALUES (389, 'minhlinhAP099', 'STAFF');
INSERT `authorities` (`id`, `username`, `roleid`) VALUES (100, 'minhlinhCI063', 'STAFF');
INSERT `authorities` (`id`, `username`, `roleid`) VALUES (263, 'minhlinhEXO067', 'STAFF');
INSERT `authorities` (`id`, `username`, `roleid`) VALUES (184, 'minhlinhGU071', 'USER');
INSERT `authorities` (`id`, `username`, `roleid`) VALUES (83, 'minhlinhGU096', 'STAFF');
INSERT `authorities` (`id`, `username`, `roleid`) VALUES (283, 'minhlinhHM072', 'USER');
INSERT `authorities` (`id`, `username`, `roleid`) VALUES (47, 'minhlinhHV031', 'STAFF');
INSERT `authorities` (`id`, `username`, `roleid`) VALUES (373, 'minhlinhHV071', 'USER');
INSERT `authorities` (`id`, `username`, `roleid`) VALUES (151, 'minhlinhNC067', 'USER');
INSERT `authorities` (`id`, `username`, `roleid`) VALUES (326, 'minhlinhTX062', 'USER');
INSERT `authorities` (`id`, `username`, `roleid`) VALUES (56, 'minhlinhTX073', 'USER');
INSERT `authorities` (`id`, `username`, `roleid`) VALUES (97, 'my123091', 'USER');
INSERT `authorities` (`id`, `username`, `roleid`) VALUES (93, 'my963071', 'USER');
INSERT `authorities` (`id`, `username`, `roleid`) VALUES (319, 'myAP062', 'STAFF');
INSERT `authorities` (`id`, `username`, `roleid`) VALUES (309, 'myCI031', 'STAFF');
INSERT `authorities` (`id`, `username`, `roleid`) VALUES (27, 'myCI075', 'STAFF');
INSERT `authorities` (`id`, `username`, `roleid`) VALUES (245, 'myEXO064', 'STAFF');
INSERT `authorities` (`id`, `username`, `roleid`) VALUES (195, 'myHA073', 'STAFF');
INSERT `authorities` (`id`, `username`, `roleid`) VALUES (322, 'myHM037', 'STAFF');
INSERT `authorities` (`id`, `username`, `roleid`) VALUES (302, 'myHM063', 'USER');
INSERT `authorities` (`id`, `username`, `roleid`) VALUES (154, 'myHV063', 'USER');
INSERT `authorities` (`id`, `username`, `roleid`) VALUES (54, 'myIT031', 'STAFF');
INSERT `authorities` (`id`, `username`, `roleid`) VALUES (113, 'myIT032', 'STAFF');
INSERT `authorities` (`id`, `username`, `roleid`) VALUES (236, 'myIT035', 'STAFF');
INSERT `authorities` (`id`, `username`, `roleid`) VALUES (438, 'myIT077', 'USER');
INSERT `authorities` (`id`, `username`, `roleid`) VALUES (331, 'myIT095', 'USER');
INSERT `authorities` (`id`, `username`, `roleid`) VALUES (392, 'myNC072', 'USER');
INSERT `authorities` (`id`, `username`, `roleid`) VALUES (401, 'myNC075', 'USER');
INSERT `authorities` (`id`, `username`, `roleid`) VALUES (358, 'myQG037', 'STAFF');
INSERT `authorities` (`id`, `username`, `roleid`) VALUES (469, 'myTX062', 'USER');
INSERT `authorities` (`id`, `username`, `roleid`) VALUES (313, 'nam521035', 'USER');
INSERT `authorities` (`id`, `username`, `roleid`) VALUES (31, 'nam542032', 'USER');
INSERT `authorities` (`id`, `username`, `roleid`) VALUES (289, 'nam542064', 'STAFF');
INSERT `authorities` (`id`, `username`, `roleid`) VALUES (277, 'nam789032', 'STAFF');
INSERT `authorities` (`id`, `username`, `roleid`) VALUES (21, 'nam875062', 'STAFF');
INSERT `authorities` (`id`, `username`, `roleid`) VALUES (366, 'namCI064', 'STAFF');
INSERT `authorities` (`id`, `username`, `roleid`) VALUES (321, 'namEXO032', 'USER');
INSERT `authorities` (`id`, `username`, `roleid`) VALUES (153, 'namEXO033', 'USER');
INSERT `authorities` (`id`, `username`, `roleid`) VALUES (146, 'namEXO064', 'STAFF');
INSERT `authorities` (`id`, `username`, `roleid`) VALUES (386, 'namEXO077', 'STAFF');
INSERT `authorities` (`id`, `username`, `roleid`) VALUES (237, 'namGU039', 'STAFF');
INSERT `authorities` (`id`, `username`, `roleid`) VALUES (454, 'namHA077', 'USER');
INSERT `authorities` (`id`, `username`, `roleid`) VALUES (409, 'namHM071', 'USER');
INSERT `authorities` (`id`, `username`, `roleid`) VALUES (341, 'namHM073', 'USER');
INSERT `authorities` (`id`, `username`, `roleid`) VALUES (39, 'namHV073', 'STAFF');
INSERT `authorities` (`id`, `username`, `roleid`) VALUES (211, 'namHV095', 'USER');
INSERT `authorities` (`id`, `username`, `roleid`) VALUES (123, 'namHV096', 'STAFF');
INSERT `authorities` (`id`, `username`, `roleid`) VALUES (378, 'namIT090', 'STAFF');
INSERT `authorities` (`id`, `username`, `roleid`) VALUES (415, 'namTX072', 'STAFF');
INSERT `authorities` (`id`, `username`, `roleid`) VALUES (37, 'namTX090', 'USER');
INSERT `authorities` (`id`, `username`, `roleid`) VALUES (253, 'namXX031', 'STAFF');
INSERT `authorities` (`id`, `username`, `roleid`) VALUES (388, 'namXX090', 'USER');
INSERT `authorities` (`id`, `username`, `roleid`) VALUES (318, 'ngan521039', 'STAFF');
INSERT `authorities` (`id`, `username`, `roleid`) VALUES (273, 'ngan521067', 'USER');
INSERT `authorities` (`id`, `username`, `roleid`) VALUES (17, 'ngan521091', 'USER');
INSERT `authorities` (`id`, `username`, `roleid`) VALUES (385, 'ngan542073', 'STAFF');
INSERT `authorities` (`id`, `username`, `roleid`) VALUES (328, 'ngan875031', 'STAFF');
INSERT `authorities` (`id`, `username`, `roleid`) VALUES (444, 'ngan963062', 'USER');
INSERT `authorities` (`id`, `username`, `roleid`) VALUES (441, 'nganAP037', 'STAFF');
INSERT `authorities` (`id`, `username`, `roleid`) VALUES (398, 'nganAP067', 'USER');
INSERT `authorities` (`id`, `username`, `roleid`) VALUES (9, 'nganAP077', 'USER');
INSERT `authorities` (`id`, `username`, `roleid`) VALUES (310, 'nganEXO091', 'STAFF');
INSERT `authorities` (`id`, `username`, `roleid`) VALUES (407, 'nganGU031', 'STAFF');
INSERT `authorities` (`id`, `username`, `roleid`) VALUES (70, 'nganGU071', 'USER');
INSERT `authorities` (`id`, `username`, `roleid`) VALUES (336, 'nganHM099', 'USER');
INSERT `authorities` (`id`, `username`, `roleid`) VALUES (267, 'nganIT067', 'USER');
INSERT `authorities` (`id`, `username`, `roleid`) VALUES (391, 'nganKA037', 'USER');
INSERT `authorities` (`id`, `username`, `roleid`) VALUES (367, 'nganKA062', 'USER');
INSERT `authorities` (`id`, `username`, `roleid`) VALUES (406, 'nganNC067', 'STAFF');
INSERT `authorities` (`id`, `username`, `roleid`) VALUES (58, 'nganQG031', 'USER');
INSERT `authorities` (`id`, `username`, `roleid`) VALUES (168, 'nganTX091', 'USER');
INSERT `authorities` (`id`, `username`, `roleid`) VALUES (72, 'nganXX091', 'STAFF');
INSERT `authorities` (`id`, `username`, `roleid`) VALUES (487, 'nguyenkha220699', 'USER');
INSERT `authorities` (`id`, `username`, `roleid`) VALUES (152, 'nhi521033', 'USER');
INSERT `authorities` (`id`, `username`, `roleid`) VALUES (278, 'nhi521095', 'USER');
INSERT `authorities` (`id`, `username`, `roleid`) VALUES (167, 'nhi789035', 'STAFF');
INSERT `authorities` (`id`, `username`, `roleid`) VALUES (288, 'nhi963031', 'USER');
INSERT `authorities` (`id`, `username`, `roleid`) VALUES (371, 'nhiAP039', 'STAFF');
INSERT `authorities` (`id`, `username`, `roleid`) VALUES (265, 'nhiEXO095', 'STAFF');
INSERT `authorities` (`id`, `username`, `roleid`) VALUES (99, 'nhiHA031', 'USER');
INSERT `authorities` (`id`, `username`, `roleid`) VALUES (114, 'nhiHM064', 'STAFF');
INSERT `authorities` (`id`, `username`, `roleid`) VALUES (235, 'nhiHM096', 'USER');
INSERT `authorities` (`id`, `username`, `roleid`) VALUES (102, 'nhiIT099', 'USER');
INSERT `authorities` (`id`, `username`, `roleid`) VALUES (116, 'nhiNC032', 'USER');
INSERT `authorities` (`id`, `username`, `roleid`) VALUES (478, 'nhiNC067', 'STAFF');
INSERT `authorities` (`id`, `username`, `roleid`) VALUES (200, 'phu123039', 'USER');
INSERT `authorities` (`id`, `username`, `roleid`) VALUES (225, 'phu123073', 'STAFF');
INSERT `authorities` (`id`, `username`, `roleid`) VALUES (162, 'phu521063', 'STAFF');
INSERT `authorities` (`id`, `username`, `roleid`) VALUES (242, 'phu542063', 'USER');
INSERT `authorities` (`id`, `username`, `roleid`) VALUES (219, 'phu789077', 'STAFF');
INSERT `authorities` (`id`, `username`, `roleid`) VALUES (32, 'phu875067', 'STAFF');
INSERT `authorities` (`id`, `username`, `roleid`) VALUES (460, 'phuAP090', 'STAFF');
INSERT `authorities` (`id`, `username`, `roleid`) VALUES (12, 'phuCI064', 'STAFF');
INSERT `authorities` (`id`, `username`, `roleid`) VALUES (436, 'phuGU071', 'STAFF');
INSERT `authorities` (`id`, `username`, `roleid`) VALUES (55, 'phuHA090', 'STAFF');
INSERT `authorities` (`id`, `username`, `roleid`) VALUES (173, 'phuHV067', 'STAFF');
INSERT `authorities` (`id`, `username`, `roleid`) VALUES (129, 'phuIT077', 'USER');
INSERT `authorities` (`id`, `username`, `roleid`) VALUES (91, 'phuKA032', 'USER');
INSERT `authorities` (`id`, `username`, `roleid`) VALUES (489, 'phunghieuvan123', 'STAFF');
INSERT `authorities` (`id`, `username`, `roleid`) VALUES (348, 'phuQG033', 'STAFF');
INSERT `authorities` (`id`, `username`, `roleid`) VALUES (185, 'phuXX031', 'USER');
INSERT `authorities` (`id`, `username`, `roleid`) VALUES (491, 'QuyenCute', 'USER');
INSERT `authorities` (`id`, `username`, `roleid`) VALUES (2, 'son521090', 'STAFF');
INSERT `authorities` (`id`, `username`, `roleid`) VALUES (216, 'son542033', 'STAFF');
INSERT `authorities` (`id`, `username`, `roleid`) VALUES (109, 'son875077', 'STAFF');
INSERT `authorities` (`id`, `username`, `roleid`) VALUES (181, 'son963062', 'USER');
INSERT `authorities` (`id`, `username`, `roleid`) VALUES (266, 'son963063', 'STAFF');
INSERT `authorities` (`id`, `username`, `roleid`) VALUES (354, 'son963075', 'STAFF');
INSERT `authorities` (`id`, `username`, `roleid`) VALUES (178, 'son963090', 'STAFF');
INSERT `authorities` (`id`, `username`, `roleid`) VALUES (139, 'sonAP075', 'STAFF');
INSERT `authorities` (`id`, `username`, `roleid`) VALUES (180, 'sonEXO031', 'STAFF');
INSERT `authorities` (`id`, `username`, `roleid`) VALUES (22, 'sonHA037', 'STAFF');
INSERT `authorities` (`id`, `username`, `roleid`) VALUES (34, 'sonHA075', 'STAFF');
INSERT `authorities` (`id`, `username`, `roleid`) VALUES (66, 'sonHA096', 'USER');
INSERT `authorities` (`id`, `username`, `roleid`) VALUES (387, 'sonHM037', 'STAFF');
INSERT `authorities` (`id`, `username`, `roleid`) VALUES (437, 'sonHV035', 'STAFF');
INSERT `authorities` (`id`, `username`, `roleid`) VALUES (144, 'sonHV090', 'STAFF');
INSERT `authorities` (`id`, `username`, `roleid`) VALUES (456, 'sonHV099', 'USER');
INSERT `authorities` (`id`, `username`, `roleid`) VALUES (145, 'sonKA067', 'USER');
INSERT `authorities` (`id`, `username`, `roleid`) VALUES (238, 'sonQG072', 'USER');
INSERT `authorities` (`id`, `username`, `roleid`) VALUES (210, 'sonTX037', 'STAFF');
INSERT `authorities` (`id`, `username`, `roleid`) VALUES (405, 'sonXX064', 'USER');
INSERT `authorities` (`id`, `username`, `roleid`) VALUES (244, 'suong521090', 'USER');
INSERT `authorities` (`id`, `username`, `roleid`) VALUES (65, 'suong789064', 'USER');
INSERT `authorities` (`id`, `username`, `roleid`) VALUES (214, 'suongEXO031', 'USER');
INSERT `authorities` (`id`, `username`, `roleid`) VALUES (190, 'suongGU099', 'STAFF');
INSERT `authorities` (`id`, `username`, `roleid`) VALUES (87, 'suongHA075', 'STAFF');
INSERT `authorities` (`id`, `username`, `roleid`) VALUES (411, 'suongHM033', 'STAFF');
INSERT `authorities` (`id`, `username`, `roleid`) VALUES (18, 'suongHM037', 'USER');
INSERT `authorities` (`id`, `username`, `roleid`) VALUES (89, 'suongHM067', 'USER');
INSERT `authorities` (`id`, `username`, `roleid`) VALUES (81, 'suongHV037', 'USER');
INSERT `authorities` (`id`, `username`, `roleid`) VALUES (8, 'suongIT091', 'USER');
INSERT `authorities` (`id`, `username`, `roleid`) VALUES (208, 'suongKA091', 'USER');
INSERT `authorities` (`id`, `username`, `roleid`) VALUES (158, 'suongTX095', 'USER');
INSERT `authorities` (`id`, `username`, `roleid`) VALUES (193, 'tai123077', 'USER');
INSERT `authorities` (`id`, `username`, `roleid`) VALUES (57, 'tai521077', 'USER');
INSERT `authorities` (`id`, `username`, `roleid`) VALUES (305, 'tai542031', 'STAFF');
INSERT `authorities` (`id`, `username`, `roleid`) VALUES (117, 'tai789064', 'USER');
INSERT `authorities` (`id`, `username`, `roleid`) VALUES (179, 'taiCI095', 'USER');
INSERT `authorities` (`id`, `username`, `roleid`) VALUES (159, 'taiCI096', 'STAFF');
INSERT `authorities` (`id`, `username`, `roleid`) VALUES (379, 'taiEXO073', 'USER');
INSERT `authorities` (`id`, `username`, `roleid`) VALUES (23, 'taiEXO096', 'USER');
INSERT `authorities` (`id`, `username`, `roleid`) VALUES (250, 'taiGU064', 'USER');
INSERT `authorities` (`id`, `username`, `roleid`) VALUES (325, 'taiGU077', 'USER');
INSERT `authorities` (`id`, `username`, `roleid`) VALUES (163, 'taiHM032', 'USER');
INSERT `authorities` (`id`, `username`, `roleid`) VALUES (6, 'taiHV096', 'STAFF');
INSERT `authorities` (`id`, `username`, `roleid`) VALUES (48, 'taiIT033', 'USER');
INSERT `authorities` (`id`, `username`, `roleid`) VALUES (300, 'taiIT090', 'USER');
INSERT `authorities` (`id`, `username`, `roleid`) VALUES (53, 'taiKA031', 'USER');
INSERT `authorities` (`id`, `username`, `roleid`) VALUES (365, 'taiKA037', 'STAFF');
INSERT `authorities` (`id`, `username`, `roleid`) VALUES (349, 'taiNC031', 'USER');
INSERT `authorities` (`id`, `username`, `roleid`) VALUES (448, 'taiNC037', 'USER');
INSERT `authorities` (`id`, `username`, `roleid`) VALUES (449, 'taiNC095', 'USER');
INSERT `authorities` (`id`, `username`, `roleid`) VALUES (390, 'taiTX032', 'STAFF');
INSERT `authorities` (`id`, `username`, `roleid`) VALUES (369, 'taiXX099', 'STAFF');
INSERT `authorities` (`id`, `username`, `roleid`) VALUES (361, 'tam123090', 'USER');
INSERT `authorities` (`id`, `username`, `roleid`) VALUES (59, 'tam521072', 'STAFF');
INSERT `authorities` (`id`, `username`, `roleid`) VALUES (28, 'tam521091', 'STAFF');
INSERT `authorities` (`id`, `username`, `roleid`) VALUES (36, 'tam542039', 'STAFF');
INSERT `authorities` (`id`, `username`, `roleid`) VALUES (204, 'tam963032', 'STAFF');
INSERT `authorities` (`id`, `username`, `roleid`) VALUES (240, 'tamAP067', 'STAFF');
INSERT `authorities` (`id`, `username`, `roleid`) VALUES (468, 'tamAP075', 'STAFF');
INSERT `authorities` (`id`, `username`, `roleid`) VALUES (230, 'tamCI062', 'USER');
INSERT `authorities` (`id`, `username`, `roleid`) VALUES (192, 'tamEXO062', 'STAFF');
INSERT `authorities` (`id`, `username`, `roleid`) VALUES (423, 'tamHA067', 'USER');
INSERT `authorities` (`id`, `username`, `roleid`) VALUES (274, 'tamHA077', 'USER');
INSERT `authorities` (`id`, `username`, `roleid`) VALUES (212, 'tamHM067', 'STAFF');
INSERT `authorities` (`id`, `username`, `roleid`) VALUES (203, 'tamIT071', 'USER');
INSERT `authorities` (`id`, `username`, `roleid`) VALUES (233, 'tamIT091', 'STAFF');
INSERT `authorities` (`id`, `username`, `roleid`) VALUES (472, 'tamQG035', 'STAFF');
INSERT `authorities` (`id`, `username`, `roleid`) VALUES (307, 'tamQG075', 'STAFF');
INSERT `authorities` (`id`, `username`, `roleid`) VALUES (280, 'tamTX071', 'USER');
INSERT `authorities` (`id`, `username`, `roleid`) VALUES (342, 'tamXX071', 'STAFF');
INSERT `authorities` (`id`, `username`, `roleid`) VALUES (176, 'tamXX077', 'USER');
INSERT `authorities` (`id`, `username`, `roleid`) VALUES (294, 'tamXX095', 'USER');
INSERT `authorities` (`id`, `username`, `roleid`) VALUES (3, 'tan123037', 'STAFF');
INSERT `authorities` (`id`, `username`, `roleid`) VALUES (105, 'tan123099', 'STAFF');
INSERT `authorities` (`id`, `username`, `roleid`) VALUES (164, 'tan875037', 'STAFF');
INSERT `authorities` (`id`, `username`, `roleid`) VALUES (86, 'tan875095', 'STAFF');
INSERT `authorities` (`id`, `username`, `roleid`) VALUES (261, 'tan963073', 'USER');
INSERT `authorities` (`id`, `username`, `roleid`) VALUES (479, 'tanAP090', 'STAFF');
INSERT `authorities` (`id`, `username`, `roleid`) VALUES (329, 'tanCI033', 'USER');
INSERT `authorities` (`id`, `username`, `roleid`) VALUES (380, 'tanCI035', 'STAFF');
INSERT `authorities` (`id`, `username`, `roleid`) VALUES (227, 'tanEXO064', 'STAFF');
INSERT `authorities` (`id`, `username`, `roleid`) VALUES (462, 'tanEXO075', 'STAFF');
INSERT `authorities` (`id`, `username`, `roleid`) VALUES (156, 'tanEXO091', 'USER');
INSERT `authorities` (`id`, `username`, `roleid`) VALUES (69, 'tanEXO095', 'STAFF');
INSERT `authorities` (`id`, `username`, `roleid`) VALUES (355, 'tanGU033', 'USER');
INSERT `authorities` (`id`, `username`, `roleid`) VALUES (375, 'tanHA077', 'USER');
INSERT `authorities` (`id`, `username`, `roleid`) VALUES (171, 'tanHA090', 'STAFF');
INSERT `authorities` (`id`, `username`, `roleid`) VALUES (353, 'tanHM096', 'STAFF');
INSERT `authorities` (`id`, `username`, `roleid`) VALUES (141, 'tanHV067', 'STAFF');
INSERT `authorities` (`id`, `username`, `roleid`) VALUES (256, 'tanIT091', 'USER');
INSERT `authorities` (`id`, `username`, `roleid`) VALUES (177, 'tanKA071', 'USER');
INSERT `authorities` (`id`, `username`, `roleid`) VALUES (96, 'tanNC035', 'USER');
INSERT `authorities` (`id`, `username`, `roleid`) VALUES (255, 'tanTX062', 'STAFF');
INSERT `authorities` (`id`, `username`, `roleid`) VALUES (445, 'tanXX067', 'USER');
INSERT `authorities` (`id`, `username`, `roleid`) VALUES (279, 'thanh123039', 'USER');
INSERT `authorities` (`id`, `username`, `roleid`) VALUES (106, 'thanh521073', 'USER');
INSERT `authorities` (`id`, `username`, `roleid`) VALUES (304, 'thanh521075', 'STAFF');
INSERT `authorities` (`id`, `username`, `roleid`) VALUES (149, 'thanh542031', 'USER');
INSERT `authorities` (`id`, `username`, `roleid`) VALUES (466, 'thanh542039', 'USER');
INSERT `authorities` (`id`, `username`, `roleid`) VALUES (431, 'thanh542072', 'USER');
INSERT `authorities` (`id`, `username`, `roleid`) VALUES (30, 'thanh789091', 'USER');
INSERT `authorities` (`id`, `username`, `roleid`) VALUES (92, 'thanh875039', 'USER');
INSERT `authorities` (`id`, `username`, `roleid`) VALUES (127, 'thanh875063', 'STAFF');
INSERT `authorities` (`id`, `username`, `roleid`) VALUES (404, 'thanh875072', 'USER');
INSERT `authorities` (`id`, `username`, `roleid`) VALUES (290, 'thanh875095', 'STAFF');
INSERT `authorities` (`id`, `username`, `roleid`) VALUES (483, 'thanh963071', 'STAFF');
INSERT `authorities` (`id`, `username`, `roleid`) VALUES (363, 'thanh963095', 'USER');
INSERT `authorities` (`id`, `username`, `roleid`) VALUES (351, 'thanhAP037', 'STAFF');
INSERT `authorities` (`id`, `username`, `roleid`) VALUES (215, 'thanhCI033', 'STAFF');
INSERT `authorities` (`id`, `username`, `roleid`) VALUES (35, 'thanhCI035', 'USER');
INSERT `authorities` (`id`, `username`, `roleid`) VALUES (368, 'thanhCI062', 'STAFF');
INSERT `authorities` (`id`, `username`, `roleid`) VALUES (186, 'thanhHA073', 'STAFF');
INSERT `authorities` (`id`, `username`, `roleid`) VALUES (226, 'thanhHM033', 'USER');
INSERT `authorities` (`id`, `username`, `roleid`) VALUES (432, 'thanhHM064', 'STAFF');
INSERT `authorities` (`id`, `username`, `roleid`) VALUES (439, 'thanhHV067', 'USER');
INSERT `authorities` (`id`, `username`, `roleid`) VALUES (25, 'thanhIT039', 'USER');
INSERT `authorities` (`id`, `username`, `roleid`) VALUES (78, 'thanhIT064', 'STAFF');
INSERT `authorities` (`id`, `username`, `roleid`) VALUES (494, 'ThanhLam2001', 'STAFF');
INSERT `authorities` (`id`, `username`, `roleid`) VALUES (493, 'ThanhLamGirl', 'USER');
INSERT `authorities` (`id`, `username`, `roleid`) VALUES (5, 'thanhTX032', 'USER');
INSERT `authorities` (`id`, `username`, `roleid`) VALUES (464, 'thanhTX075', 'STAFF');
INSERT `authorities` (`id`, `username`, `roleid`) VALUES (442, 'thanhXX035', 'STAFF');
INSERT `authorities` (`id`, `username`, `roleid`) VALUES (104, 'thanhXX095', 'USER');
INSERT `authorities` (`id`, `username`, `roleid`) VALUES (73, 'thao521033', 'USER');
INSERT `authorities` (`id`, `username`, `roleid`) VALUES (213, 'thao542099', 'USER');
INSERT `authorities` (`id`, `username`, `roleid`) VALUES (327, 'thao789064', 'STAFF');
INSERT `authorities` (`id`, `username`, `roleid`) VALUES (243, 'thao789067', 'USER');
INSERT `authorities` (`id`, `username`, `roleid`) VALUES (260, 'thao875033', 'STAFF');
INSERT `authorities` (`id`, `username`, `roleid`) VALUES (291, 'thao963033', 'STAFF');
INSERT `authorities` (`id`, `username`, `roleid`) VALUES (337, 'thaoAP062', 'USER');
INSERT `authorities` (`id`, `username`, `roleid`) VALUES (19, 'thaoEXO071', 'STAFF');
INSERT `authorities` (`id`, `username`, `roleid`) VALUES (29, 'thaoGU032', 'USER');
INSERT `authorities` (`id`, `username`, `roleid`) VALUES (421, 'thaoHA096', 'STAFF');
INSERT `authorities` (`id`, `username`, `roleid`) VALUES (175, 'thaoHM067', 'STAFF');
INSERT `authorities` (`id`, `username`, `roleid`) VALUES (480, 'thaoHV037', 'USER');
INSERT `authorities` (`id`, `username`, `roleid`) VALUES (470, 'thaoIT035', 'STAFF');
INSERT `authorities` (`id`, `username`, `roleid`) VALUES (476, 'thaoKA035', 'USER');
INSERT `authorities` (`id`, `username`, `roleid`) VALUES (254, 'thaoKA062', 'USER');
INSERT `authorities` (`id`, `username`, `roleid`) VALUES (435, 'thaoNC033', 'USER');
INSERT `authorities` (`id`, `username`, `roleid`) VALUES (299, 'thaoNC071', 'USER');
INSERT `authorities` (`id`, `username`, `roleid`) VALUES (272, 'thaoNC073', 'USER');
INSERT `authorities` (`id`, `username`, `roleid`) VALUES (414, 'thaoTX037', 'STAFF');
INSERT `authorities` (`id`, `username`, `roleid`) VALUES (416, 'thaoXX035', 'USER');
INSERT `authorities` (`id`, `username`, `roleid`) VALUES (161, 'thaoXX095', 'STAFF');
INSERT `authorities` (`id`, `username`, `roleid`) VALUES (346, 'trinh875031', 'STAFF');
INSERT `authorities` (`id`, `username`, `roleid`) VALUES (400, 'trinh963032', 'USER');
INSERT `authorities` (`id`, `username`, `roleid`) VALUES (303, 'trinhEXO032', 'STAFF');
INSERT `authorities` (`id`, `username`, `roleid`) VALUES (422, 'trinhEXO073', 'STAFF');
INSERT `authorities` (`id`, `username`, `roleid`) VALUES (170, 'trinhGU035', 'STAFF');
INSERT `authorities` (`id`, `username`, `roleid`) VALUES (396, 'trinhHV031', 'USER');
INSERT `authorities` (`id`, `username`, `roleid`) VALUES (132, 'trinhKA062', 'STAFF');
INSERT `authorities` (`id`, `username`, `roleid`) VALUES (413, 'trinhQG062', 'USER');
INSERT `authorities` (`id`, `username`, `roleid`) VALUES (68, 'trinhQG071', 'STAFF');
INSERT `authorities` (`id`, `username`, `roleid`) VALUES (343, 'trinhTX062', 'USER');
INSERT `authorities` (`id`, `username`, `roleid`) VALUES (76, 'trinhTX099', 'USER');
INSERT `authorities` (`id`, `username`, `roleid`) VALUES (231, 'trinhXX032', 'USER');
INSERT `authorities` (`id`, `username`, `roleid`) VALUES (217, 'trinhXX039', 'STAFF');
INSERT `authorities` (`id`, `username`, `roleid`) VALUES (297, 'trong123095', 'USER');
INSERT `authorities` (`id`, `username`, `roleid`) VALUES (418, 'trong875067', 'STAFF');
INSERT `authorities` (`id`, `username`, `roleid`) VALUES (62, 'trongAP031', 'STAFF');
INSERT `authorities` (`id`, `username`, `roleid`) VALUES (207, 'trongAP091', 'USER');
INSERT `authorities` (`id`, `username`, `roleid`) VALUES (90, 'trongEXO031', 'STAFF');
INSERT `authorities` (`id`, `username`, `roleid`) VALUES (196, 'trongGU062', 'STAFF');
INSERT `authorities` (`id`, `username`, `roleid`) VALUES (308, 'trongGU077', 'STAFF');
INSERT `authorities` (`id`, `username`, `roleid`) VALUES (221, 'trongHA095', 'STAFF');
INSERT `authorities` (`id`, `username`, `roleid`) VALUES (475, 'trongHM067', 'STAFF');
INSERT `authorities` (`id`, `username`, `roleid`) VALUES (188, 'trongIT091', 'USER');
INSERT `authorities` (`id`, `username`, `roleid`) VALUES (332, 'trongKA064', 'USER');
INSERT `authorities` (`id`, `username`, `roleid`) VALUES (189, 'trongNC039', 'STAFF');
INSERT `authorities` (`id`, `username`, `roleid`) VALUES (199, 'trongQG062', 'USER');
INSERT `authorities` (`id`, `username`, `roleid`) VALUES (345, 'tuanAP071', 'USER');
INSERT `authorities` (`id`, `username`, `roleid`) VALUES (381, 'tuanAP073', 'STAFF');
INSERT `authorities` (`id`, `username`, `roleid`) VALUES (121, 'tuanCI039', 'STAFF');
INSERT `authorities` (`id`, `username`, `roleid`) VALUES (485, 'tuanEXO099', 'USER');
INSERT `authorities` (`id`, `username`, `roleid`) VALUES (450, 'tuanHA075', 'STAFF');
INSERT `authorities` (`id`, `username`, `roleid`) VALUES (306, 'tuanHV039', 'USER');
INSERT `authorities` (`id`, `username`, `roleid`) VALUES (268, 'tuanHV072', 'STAFF');
INSERT `authorities` (`id`, `username`, `roleid`) VALUES (301, 'tuanIT064', 'STAFF');
INSERT `authorities` (`id`, `username`, `roleid`) VALUES (282, 'tuanKA091', 'STAFF');
INSERT `authorities` (`id`, `username`, `roleid`) VALUES (1, 'tuanNC033', 'USER');
INSERT `authorities` (`id`, `username`, `roleid`) VALUES (296, 'tuanQG031', 'STAFF');
INSERT `authorities` (`id`, `username`, `roleid`) VALUES (126, 'tuanTX031', 'USER');
INSERT `authorities` (`id`, `username`, `roleid`) VALUES (314, 'tuanTX099', 'STAFF');
INSERT `authorities` (`id`, `username`, `roleid`) VALUES (234, 'van542099', 'STAFF');
INSERT `authorities` (`id`, `username`, `roleid`) VALUES (118, 'van963032', 'USER');
INSERT `authorities` (`id`, `username`, `roleid`) VALUES (312, 'van963064', 'STAFF');
INSERT `authorities` (`id`, `username`, `roleid`) VALUES (202, 'van963099', 'STAFF');
INSERT `authorities` (`id`, `username`, `roleid`) VALUES (133, 'vanAP095', 'STAFF');
INSERT `authorities` (`id`, `username`, `roleid`) VALUES (446, 'vanGU072', 'STAFF');
INSERT `authorities` (`id`, `username`, `roleid`) VALUES (15, 'vanGU077', 'USER');
INSERT `authorities` (`id`, `username`, `roleid`) VALUES (155, 'vanIT062', 'STAFF');
INSERT `authorities` (`id`, `username`, `roleid`) VALUES (108, 'vanIT063', 'STAFF');
INSERT `authorities` (`id`, `username`, `roleid`) VALUES (94, 'vanIT096', 'STAFF');
INSERT `authorities` (`id`, `username`, `roleid`) VALUES (262, 'vanTX064', 'STAFF');
INSERT `authorities` (`id`, `username`, `roleid`) VALUES (85, 'vanTX075', 'USER');
INSERT `authorities` (`id`, `username`, `roleid`) VALUES (182, 'vanXX062', 'STAFF');
ALTER TABLE `authorities` MODIFY COLUMN `id` int AUTO_INCREMENT NOT NULL;



INSERT `categories` (`id`, `name`, `status`, `unit`) VALUES ('B', 'Bia', 1, 'chai');
INSERT `categories` (`id`, `name`, `status`, `unit`) VALUES ('BD', 'Bóng đè', 1, 'cái');
INSERT `categories` (`id`, `name`, `status`, `unit`) VALUES ('BL', 'Balo', 1, 'cái');
INSERT `categories` (`id`, `name`, `status`, `unit`) VALUES ('CMR', 'Camera', 1, 'cái');
INSERT `categories` (`id`, `name`, `status`, `unit`) VALUES ('DG', 'Dầu gội', 1, 'chai');
INSERT `categories` (`id`, `name`, `status`, `unit`) VALUES ('DH', 'Đồng hồ', 1, 'cái');
INSERT `categories` (`id`, `name`, `status`, `unit`) VALUES ('D', 'Đèn ngủ', 1, 'cái');
INSERT `categories` (`id`, `name`, `status`, `unit`) VALUES ('DT', 'Điện thoại', 1, 'cái');
INSERT `categories` (`id`, `name`, `status`, `unit`) VALUES ('GD', 'Giày dép', 1, 'dôi');
INSERT `categories` (`id`, `name`, `status`, `unit`) VALUES ('GV', 'Gia vị', 1, 'gói');
INSERT `categories` (`id`, `name`, `status`, `unit`) VALUES ('H', 'Hộp nhựa', 1, 'cái');
INSERT `categories` (`id`, `name`, `status`, `unit`) VALUES ('KT', 'Khăn tắm', 1, 'cái');
INSERT `categories` (`id`, `name`, `status`, `unit`) VALUES ('LT', 'Laptop', 1, 'cái');
INSERT `categories` (`id`, `name`, `status`, `unit`) VALUES ('MT', 'Mì tôm', 1, 'gói');
INSERT `categories` (`id`, `name`, `status`, `unit`) VALUES ('NH', 'Nước hoa', 1, 'chai');
INSERT `categories` (`id`, `name`, `status`, `unit`) VALUES ('QAF', 'Quần áo nữ', 1, 'cái');
INSERT `categories` (`id`, `name`, `status`, `unit`) VALUES ('QAM', 'Quần áo nam', 1, 'cái');
INSERT `categories` (`id`, `name`, `status`, `unit`) VALUES ('QM', 'Quạt máy', 1, 'cái');
INSERT `categories` (`id`, `name`, `status`, `unit`) VALUES ('RC', 'Rau củ', 1, 'bó');
INSERT `categories` (`id`, `name`, `status`, `unit`) VALUES ('ST', 'Sữa tươi', 1, 'gói');
INSERT `categories` (`id`, `name`, `status`, `unit`) VALUES ('TC', 'Thịt cá', 1, 'kg');
INSERT `categories` (`id`, `name`, `status`, `unit`) VALUES ('TX', 'Túi xách', 1, 'cái');



INSERT `categorydetails` (`id`, `property`, `categoryid`) VALUES ('BD_DG', 'Cách bảo quản sản phẩm', 'DG');
INSERT `categorydetails` (`id`, `property`, `categoryid`) VALUES ('BQ_BD', 'Hướng dẫn cách bảo quả', 'BD');
INSERT `categorydetails` (`id`, `property`, `categoryid`) VALUES ('BQ_GV', 'Cách bảo quản gia vị', 'GV');
INSERT `categorydetails` (`id`, `property`, `categoryid`) VALUES ('BT_DT', 'Bluetooth điện thoại', 'DT');
INSERT `categorydetails` (`id`, `property`, `categoryid`) VALUES ('CD_DH', 'Khả năng chịu đựng', 'DH');
INSERT `categorydetails` (`id`, `property`, `categoryid`) VALUES ('CD_RC', 'Lợi ích của rau củ', 'RC');
INSERT `categorydetails` (`id`, `property`, `categoryid`) VALUES ('CL_BL', 'Chất liệu vải', 'BL');
INSERT `categorydetails` (`id`, `property`, `categoryid`) VALUES ('CL_H', 'Chất liệu làm từ', 'H');
INSERT `categorydetails` (`id`, `property`, `categoryid`) VALUES ('CPULT', 'Chíp CPU laptop', 'LT');
INSERT `categorydetails` (`id`, `property`, `categoryid`) VALUES ('CRDLT', 'Chip card của laptop', 'LT');
INSERT `categorydetails` (`id`, `property`, `categoryid`) VALUES ('CS_D', 'Công suất tối đa', 'D');
INSERT `categorydetails` (`id`, `property`, `categoryid`) VALUES ('CS_DT', 'Chip set', 'DT');
INSERT `categorydetails` (`id`, `property`, `categoryid`) VALUES ('D_DH', 'Chất liệu dây đồng hồ', 'DH');
INSERT `categorydetails` (`id`, `property`, `categoryid`) VALUES ('DA_D', 'Điện áp cần thiết', 'D');
INSERT `categorydetails` (`id`, `property`, `categoryid`) VALUES ('DPGDT', 'Độ phân giải màn hình', 'DT');
INSERT `categorydetails` (`id`, `property`, `categoryid`) VALUES ('DT_B', 'Dung tích của bia', 'B');
INSERT `categorydetails` (`id`, `property`, `categoryid`) VALUES ('DT_GV', 'Dung tích dung lượng', 'GV');
INSERT `categorydetails` (`id`, `property`, `categoryid`) VALUES ('DT_H', 'Dung tích', 'H');
INSERT `categorydetails` (`id`, `property`, `categoryid`) VALUES ('H_LT', 'Tên hãng laptop', 'LT');
INSERT `categorydetails` (`id`, `property`, `categoryid`) VALUES ('HD_B', 'Hướng dẫn sử dụng', 'B');
INSERT `categorydetails` (`id`, `property`, `categoryid`) VALUES ('HD_DG', 'Cách sử dụng', 'DG');
INSERT `categorydetails` (`id`, `property`, `categoryid`) VALUES ('HD_GV', 'Hướng dẫn sử dụng', 'GV');
INSERT `categorydetails` (`id`, `property`, `categoryid`) VALUES ('KL_DH', 'Chất liệu kim loại', 'DH');
INSERT `categorydetails` (`id`, `property`, `categoryid`) VALUES ('KL_RC', 'Khối lượng rau củ', 'RC');
INSERT `categorydetails` (`id`, `property`, `categoryid`) VALUES ('KT_BL', 'Kích thước sản phẩm', 'BL');
INSERT `categorydetails` (`id`, `property`, `categoryid`) VALUES ('KT_D', 'Kích thước chiều cao', 'D');
INSERT `categorydetails` (`id`, `property`, `categoryid`) VALUES ('KT_GD', 'Kích thước giày dép', 'GD');
INSERT `categorydetails` (`id`, `property`, `categoryid`) VALUES ('KT_LT', 'Kích thước màn hình laptop', 'LT');
INSERT `categorydetails` (`id`, `property`, `categoryid`) VALUES ('KTHN1', 'Kích thước M1', 'H');
INSERT `categorydetails` (`id`, `property`, `categoryid`) VALUES ('KTHN2', 'Kích thước M2', 'H');
INSERT `categorydetails` (`id`, `property`, `categoryid`) VALUES ('KTHN3', 'Kích thước M3', 'H');
INSERT `categorydetails` (`id`, `property`, `categoryid`) VALUES ('LCSDT', 'Loại cổng sạc', 'DT');
INSERT `categorydetails` (`id`, `property`, `categoryid`) VALUES ('LP_LT', 'Loại pin của laptop', 'LT');
INSERT `categorydetails` (`id`, `property`, `categoryid`) VALUES ('MH_DT', 'Loại/Công nghệ màn hình', 'DT');
INSERT `categorydetails` (`id`, `property`, `categoryid`) VALUES ('MHCMR', 'Loại màn hình', 'CMR');
INSERT `categorydetails` (`id`, `property`, `categoryid`) VALUES ('MK_DL', 'Chất liệu kính đồng hồ', 'DH');
INSERT `categorydetails` (`id`, `property`, `categoryid`) VALUES ('ML_BD', 'Model bóng đè', 'BD');
INSERT `categorydetails` (`id`, `property`, `categoryid`) VALUES ('ML_DL', 'Model đồng hồ', 'DH');
INSERT `categorydetails` (`id`, `property`, `categoryid`) VALUES ('ML_DT', 'Model của điện thoại', 'DT');
INSERT `categorydetails` (`id`, `property`, `categoryid`) VALUES ('MLCMR', 'Model của camera', 'CMR');
INSERT `categorydetails` (`id`, `property`, `categoryid`) VALUES ('MT_BL', 'Mục đích sử dụng', 'BL');
INSERT `categorydetails` (`id`, `property`, `categoryid`) VALUES ('NCCRC', 'Nơi cung cấp rau củ', 'RC');
INSERT `categorydetails` (`id`, `property`, `categoryid`) VALUES ('NDC_B', 'Nồng độ cồ', 'B');
INSERT `categorydetails` (`id`, `property`, `categoryid`) VALUES ('NL_DH', 'Chạy bằng năng lượng', 'DH');
INSERT `categorydetails` (`id`, `property`, `categoryid`) VALUES ('P_DT', 'Loại pin điện thoại', 'DT');
INSERT `categorydetails` (`id`, `property`, `categoryid`) VALUES ('PGCMR', 'Độ phân giải của camera', 'CMR');
INSERT `categorydetails` (`id`, `property`, `categoryid`) VALUES ('R_LT', 'Dung lượng Ram', 'LT');
INSERT `categorydetails` (`id`, `property`, `categoryid`) VALUES ('SC_BL', 'Sức chứa tối đa', 'BL');
INSERT `categorydetails` (`id`, `property`, `categoryid`) VALUES ('SN_BL', 'Tổng số ngă', 'BL');
INSERT `categorydetails` (`id`, `property`, `categoryid`) VALUES ('SP_DT', 'Tốc độ CPU', 'DT');
INSERT `categorydetails` (`id`, `property`, `categoryid`) VALUES ('TL_BD', 'Trọng lượng sản phẩm', 'BD');
INSERT `categorydetails` (`id`, `property`, `categoryid`) VALUES ('TL_D', 'Trọng lượng đèn ngủ', 'D');
INSERT `categorydetails` (`id`, `property`, `categoryid`) VALUES ('TL_DT', 'Trọng lượng điện thoại', 'DT');
INSERT `categorydetails` (`id`, `property`, `categoryid`) VALUES ('TL_GD', 'Trọng lượng giày dép', 'GD');
INSERT `categorydetails` (`id`, `property`, `categoryid`) VALUES ('TL_LT', 'Trọng lượng laptop', 'LT');
INSERT `categorydetails` (`id`, `property`, `categoryid`) VALUES ('TLCMR', 'Trọng lượng camera', 'CMR');
INSERT `categorydetails` (`id`, `property`, `categoryid`) VALUES ('TN_DT', 'Dung lượng thẻ nhớ', 'DT');
INSERT `categorydetails` (`id`, `property`, `categoryid`) VALUES ('TN_H', 'Tính năng', 'H');
INSERT `categorydetails` (`id`, `property`, `categoryid`) VALUES ('TNCMR', 'Dung lượng thẻ nhớ', 'CMR');
INSERT `categorydetails` (`id`, `property`, `categoryid`) VALUES ('TP_B', 'Thành phần bia', 'B');
INSERT `categorydetails` (`id`, `property`, `categoryid`) VALUES ('TP_DG', 'Thành phần dầu gội', 'DG');
INSERT `categorydetails` (`id`, `property`, `categoryid`) VALUES ('TP_GV', 'Thành phần gia vị', 'GV');
INSERT `categorydetails` (`id`, `property`, `categoryid`) VALUES ('TT_BD', 'Tuổi thọ sử dụng', 'BD');
INSERT `categorydetails` (`id`, `property`, `categoryid`) VALUES ('TT_D', 'Tuổi thọ tối đa', 'D');
INSERT `categorydetails` (`id`, `property`, `categoryid`) VALUES ('VL_BD', 'Vật liệu làm từ ', 'BD');
INSERT `categorydetails` (`id`, `property`, `categoryid`) VALUES ('VL_GD', 'Vật liệu thiết kế', 'GD');
INSERT `categorydetails` (`id`, `property`, `categoryid`) VALUES ('XX_B', 'Xuất xứ của bia', 'B');
INSERT `categorydetails` (`id`, `property`, `categoryid`) VALUES ('XX_BD', 'Xuất xứ bóng đè', 'BD');
INSERT `categorydetails` (`id`, `property`, `categoryid`) VALUES ('XX_BL', 'Xuất xứ sản phẩm', 'BL');
INSERT `categorydetails` (`id`, `property`, `categoryid`) VALUES ('XX_DG', 'Xuất xứ của dầu gội', 'DG');
INSERT `categorydetails` (`id`, `property`, `categoryid`) VALUES ('XX_DH', 'Xuất xứ cung cấp', 'DH');
INSERT `categorydetails` (`id`, `property`, `categoryid`) VALUES ('XX_D', 'Xuất xứ cung cấp', 'D');
INSERT `categorydetails` (`id`, `property`, `categoryid`) VALUES ('XX_GD', 'Xuất xứ sản phẩm', 'GD');
INSERT `categorydetails` (`id`, `property`, `categoryid`) VALUES ('XX_GV', 'Xuất xứ của gia vị', 'GV');
INSERT `categorydetails` (`id`, `property`, `categoryid`) VALUES ('XX_H', 'Xuất xứ từ', 'H');
INSERT `categorydetails` (`id`, `property`, `categoryid`) VALUES ('XX_LT', 'Xuất xứ sản phẩm laptop', 'LT');
INSERT `categorydetails` (`id`, `property`, `categoryid`) VALUES ('XXCMR', 'Xuất xứ làm ra', 'CMR');



ALTER TABLE `comments` MODIFY COLUMN `id` INT;
INSERT `comments` (`id`, `feedback`, `productid`, `username`, `rate`, `date_post`) VALUES (1, 'Sản phẩm rất tốt', 30, 'nguyenkha220699', 5, CAST('2020-05-10' AS Date));
INSERT `comments` (`id`, `feedback`, `productid`, `username`, `rate`, `date_post`) VALUES (2, 'Sản phẩm chất lượng không được như ý', 31, 'nguyenkha220699', 2, CAST('2020-06-25' AS Date));
INSERT `comments` (`id`, `feedback`, `productid`, `username`, `rate`, `date_post`) VALUES (3, ';od, Sản phẩm đẹp như hình, cảm ơn shop nhé !', 45, 'an123039', 4, CAST('2021-09-18' AS Date));
INSERT `comments` (`id`, `feedback`, `productid`, `username`, `rate`, `date_post`) VALUES (4, 'La bàn này đẹp ghê', 32, 'nguyenkha220699', 4, CAST('2021-12-13' AS Date));
INSERT `comments` (`id`, `feedback`, `productid`, `username`, `rate`, `date_post`) VALUES (5, 'Máy tính chất lượng được, mẫu mã như hình, cảm ơn shop', 33, 'nguyenkha220699', 4, CAST('2022-04-30' AS Date));
INSERT `comments` (`id`, `feedback`, `productid`, `username`, `rate`, `date_post`) VALUES (6, 'Dùng tốt lắm', 99, 'huong963064', 4, CAST('2020-05-10' AS Date));
INSERT `comments` (`id`, `feedback`, `productid`, `username`, `rate`, `date_post`) VALUES (7, 'Chất lượng', 30, 'HoangQuye', 4, CAST('2020-06-25' AS Date));
INSERT `comments` (`id`, `feedback`, `productid`, `username`, `rate`, `date_post`) VALUES (8, 'Hãng tốt, bề', 33, 'HoangQuye', 4, CAST('2020-06-25' AS Date));
INSERT `comments` (`id`, `feedback`, `productid`, `username`, `rate`, `date_post`) VALUES (9, 'Hãng tốt, bề', 111, 'HoangQuye', 5, CAST('2022-10-22' AS Date));
INSERT `comments` (`id`, `feedback`, `productid`, `username`, `rate`, `date_post`) VALUES (10, 'Hãng tốt, bề', 50, 'HoangQuye', 5, CAST('2020-05-10' AS Date));
INSERT `comments` (`id`, `feedback`, `productid`, `username`, `rate`, `date_post`) VALUES (11, 'Tốt lắm nhe', 55, 'an542095', 4, CAST('2022-10-22' AS Date));
INSERT `comments` (`id`, `feedback`, `productid`, `username`, `rate`, `date_post`) VALUES (12, 'Đồng hồ chất lừ', 106, 'an542095', 4, CAST('2022-10-22' AS Date));
INSERT `comments` (`id`, `feedback`, `productid`, `username`, `rate`, `date_post`) VALUES (13, 'Sản phẩm chất lượng', 128, 'HoangQuye', 5, CAST('2020-06-25' AS Date));
INSERT `comments` (`id`, `feedback`, `productid`, `username`, `rate`, `date_post`) VALUES (14, 'Sản phẩm tốt ', 131, 'HoangQuye', 5, CAST('2022-10-22' AS Date));
INSERT `comments` (`id`, `feedback`, `productid`, `username`, `rate`, `date_post`) VALUES (15, 'Sản phẩm tuyệt vời', 128, 'HoangQuye', 4, CAST('2022-10-22' AS Date));
INSERT `comments` (`id`, `feedback`, `productid`, `username`, `rate`, `date_post`) VALUES (16, 'Tốt lắm nhe', 55, 'ducXX062', 4, CAST('2020-05-10' AS Date));
INSERT `comments` (`id`, `feedback`, `productid`, `username`, `rate`, `date_post`) VALUES (17, 'Đồng hồ chất lừ', 106, 'HoangQuye', 4, CAST('2020-05-10' AS Date));
INSERT `comments` (`id`, `feedback`, `productid`, `username`, `rate`, `date_post`) VALUES (18, 'La bàn này đẹp ghê', 32, 'HoangQuye', 4, CAST('2020-05-10' AS Date));
INSERT `comments` (`id`, `feedback`, `productid`, `username`, `rate`, `date_post`) VALUES (19, 'Quá tốt và chất ', 56, 'myHM063', 3, CAST('2022-10-22' AS Date));
INSERT `comments` (`id`, `feedback`, `productid`, `username`, `rate`, `date_post`) VALUES (20, 'Chất lượng 100', 78, 'binh875091', 5, CAST('2020-05-10' AS Date));
INSERT `comments` (`id`, `feedback`, `productid`, `username`, `rate`, `date_post`) VALUES (21, 'Chất lượng', 66, 'linhAP072', 4, CAST('2022-10-18' AS Date));
INSERT `comments` (`id`, `feedback`, `productid`, `username`, `rate`, `date_post`) VALUES (22, 'Chất lượng', 66, 'khai521073', 4, CAST('2020-05-10' AS Date));
INSERT `comments` (`id`, `feedback`, `productid`, `username`, `rate`, `date_post`) VALUES (23, 'La bàn này đẹp ghê', 30, 'HoangQuye', 4, CAST('2022-10-22' AS Date));
INSERT `comments` (`id`, `feedback`, `productid`, `username`, `rate`, `date_post`) VALUES (24, 'Tốt lắm nhe', 30, 'myHM063', 4, CAST('2020-06-25' AS Date));
INSERT `comments` (`id`, `feedback`, `productid`, `username`, `rate`, `date_post`) VALUES (25, 'Chính hãng', 30, 'linhAP072', 3, CAST('2022-10-22' AS Date));
INSERT `comments` (`id`, `feedback`, `productid`, `username`, `rate`, `date_post`) VALUES (26, 'La bàn này đẹp ghê', 128, 'huong963064', 5, CAST('2020-05-10' AS Date));
INSERT `comments` (`id`, `feedback`, `productid`, `username`, `rate`, `date_post`) VALUES (27, 'Sản phẩm chất lượng không được như ý', 128, 'an542095', 4, CAST('2020-06-25' AS Date));
INSERT `comments` (`id`, `feedback`, `productid`, `username`, `rate`, `date_post`) VALUES (28, ';od, Sản phẩm đẹp như hình, cảm ơn shop nhé !', 31, 'ducXX062', 5, CAST('2020-05-10' AS Date));
INSERT `comments` (`id`, `feedback`, `productid`, `username`, `rate`, `date_post`) VALUES (29, 'Dùng tốt lắm', 31, 'an123039', 5, CAST('2022-10-22' AS Date));
INSERT `comments` (`id`, `feedback`, `productid`, `username`, `rate`, `date_post`) VALUES (30, 'Mình đã tin dùng sản phẩm này và mua lại nhiều lần. Công dụng rất rõ rệt', 31, 'huong963064', 5, CAST('2020-05-10' AS Date));
INSERT `comments` (`id`, `feedback`, `productid`, `username`, `rate`, `date_post`) VALUES (31, 'Đường thốt nốt cho sôi lê', 99, 'HoangQuye', 4, CAST('2020-06-25' AS Date));
INSERT `comments` (`id`, `feedback`, `productid`, `username`, `rate`, `date_post`) VALUES (32, 'Lần này shop lại có tem chống hàng giả đàng hoàng', 32, 'binh875091', 5, CAST('2020-06-25' AS Date));
INSERT `comments` (`id`, `feedback`, `productid`, `username`, `rate`, `date_post`) VALUES (33, 'Thời gian nhận đc hàng khá lâu. ', 32, 'an875099', 5, CAST('2020-05-10' AS Date));
INSERT `comments` (`id`, `feedback`, `productid`, `username`, `rate`, `date_post`) VALUES (34, 'Thấy review nên mua về dùng,mong là có hiệu quả hihi', 32, 'cuongHA096', 4, CAST('2022-10-22' AS Date));
INSERT `comments` (`id`, `feedback`, `productid`, `username`, `rate`, `date_post`) VALUES (35, 'Đóng gói hàng ko kĩ cho lắm chất liệu giày oki', 45, 'khai542071', 4, CAST('2020-05-10' AS Date));
INSERT `comments` (`id`, `feedback`, `productid`, `username`, `rate`, `date_post`) VALUES (36, 'Sản phẩm rất đẹp , nhưng shop giao nhầm sản phẩm từ đế trắng khoai đen thành ghim vậy nên mong shop chú ý', 45, 'khaiEXO075', 5, CAST('2020-06-25' AS Date));
INSERT `comments` (`id`, `feedback`, `productid`, `username`, `rate`, `date_post`) VALUES (37, 'Dép oke lắm nhaaaaaaaaaa ', 45, 'huongIT096', 3, CAST('2020-05-10' AS Date));
INSERT `comments` (`id`, `feedback`, `productid`, `username`, `rate`, `date_post`) VALUES (38, 'tạm ổn, ship hơi lâu nhưng vẫn cho shop 5 sao ', 45, 'khangEXO096', 3, CAST('2020-06-25' AS Date));
INSERT `comments` (`id`, `feedback`, `productid`, `username`, `rate`, `date_post`) VALUES (39, 'Chất lượng sản phẩm tuyệt vời dép đi êm chaan đế cx khá mềm giao hàng nhanh dép đẹp lắm nên mua nhe cacba', 59, 'lan963062', 5, CAST('2022-10-22' AS Date));
INSERT `comments` (`id`, `feedback`, `productid`, `username`, `rate`, `date_post`) VALUES (40, 'Hàng giá rẻ ok nên mua mn nheeeeeeeeeeeeeeeeeeeeeeeeeeeeee', 50, 'linh123033', 5, CAST('2021-12-13' AS Date));
INSERT `comments` (`id`, `feedback`, `productid`, `username`, `rate`, `date_post`) VALUES (41, 'chất lượng tốt nên mua hợp với giá tiền nên mua nhé', 50, 'linhIT035', 4, CAST('2021-12-13' AS Date));
INSERT `comments` (`id`, `feedback`, `productid`, `username`, `rate`, `date_post`) VALUES (42, 'Hàng đóng gói tốt , sử dụng cùng tai nghe có cảm giác ổ', 50, 'lanAP090', 2, CAST('2022-10-22' AS Date));
INSERT `comments` (`id`, `feedback`, `productid`, `username`, `rate`, `date_post`) VALUES (43, 'Sản phẩm rất chất lượng ', 50, 'lan542033', 4, CAST('2021-12-13' AS Date));
INSERT `comments` (`id`, `feedback`, `productid`, `username`, `rate`, `date_post`) VALUES (44, 'Tuy nhiên không thể sử dụng được mic ', 50, 'minhlinh789096', 5, CAST('2020-06-25' AS Date));
INSERT `comments` (`id`, `feedback`, `productid`, `username`, `rate`, `date_post`) VALUES (45, 'Hàng hoá được người tiêu dùng lựa chọn, bình chọn, ưu tiên mua hàng trên shopee, lắng nghe người tiêu dùng đánh giá', 66, 'lam963063', 3, CAST('2021-12-13' AS Date));
INSERT `comments` (`id`, `feedback`, `productid`, `username`, `rate`, `date_post`) VALUES (46, 'Chị ong nâu nâu nâu nâu chị bây đi đâu đi đâu con gà trống mới gáy', 78, 'huong789075', 5, CAST('2022-10-22' AS Date));
INSERT `comments` (`id`, `feedback`, `productid`, `username`, `rate`, `date_post`) VALUES (47, 'Chất lượng sản phẩm tuyệt vời, đóng gói đẹp và chắc chắn, giao hàng nhanh', 78, 'huongHV033', 4, CAST('2021-12-13' AS Date));
INSERT `comments` (`id`, `feedback`, `productid`, `username`, `rate`, `date_post`) VALUES (48, 'Sản phẩm chất lượng dùng tốt. Giao hàng nhanh. Đóng gói sản phẩm tốt. Sẽ mua lại lần sau', 78, 'HoangQuye', 5, CAST('2021-12-13' AS Date));
INSERT `comments` (`id`, `feedback`, `productid`, `username`, `rate`, `date_post`) VALUES (49, 'Sản phẩm y như mô tả, giao cực nhanh,đóng gói cẩn thận, anh shipper nhiệt tình', 78, 'hieuva', 3, CAST('2020-06-25' AS Date));
INSERT `comments` (`id`, `feedback`, `productid`, `username`, `rate`, `date_post`) VALUES (50, 'phiên bản tết @@ hàng sắp hết hạn nhé các bạn, cân nhắc khi mua @@', 78, 'ducXX062', 5, CAST('2022-10-22' AS Date));
INSERT `comments` (`id`, `feedback`, `productid`, `username`, `rate`, `date_post`) VALUES (51, '10 điểm và rất ok ạ mong sẽ giảm giá nhiều hơn để người mua sẽ nhậ', 78, 'khaiQG071', 5, CAST('2020-06-25' AS Date));
INSERT `comments` (`id`, `feedback`, `productid`, `username`, `rate`, `date_post`) VALUES (52, '10 điểm và rất ok ạ mong sẽ giảm giá nhiều hơn để người mua sẽ nhậ', 128, 'khangNC077', 5, CAST('2020-06-25' AS Date));
INSERT `comments` (`id`, `feedback`, `productid`, `username`, `rate`, `date_post`) VALUES (53, 'Nhận đủ hàng. Giao cũng nhanh. Chưa dùng nên chưa biết chất lượng. Nhưng nhìn bao bì thấy hấp dẫn. Hi vọng là tuyệt vời', 99, 'khai542071', 5, CAST('2020-06-25' AS Date));
INSERT `comments` (`id`, `feedback`, `productid`, `username`, `rate`, `date_post`) VALUES (54, 'Hạt nêm chay thì vị nó cũng y như hạt nêm bình thường.', 99, 'hieuva', 5, CAST('2022-10-22' AS Date));
INSERT `comments` (`id`, `feedback`, `productid`, `username`, `rate`, `date_post`) VALUES (55, 'Hàng đẹp lắm ạ , áo form lên to đẹp , màu cũng xinhh >< ', 59, 'khaiXX072', 4, CAST('2020-06-25' AS Date));
INSERT `comments` (`id`, `feedback`, `productid`, `username`, `rate`, `date_post`) VALUES (56, 'Hình ảnh chỉ nhận xu ạ :3 ', 59, 'khaiHM096', 4, CAST('2020-06-25' AS Date));
INSERT `comments` (`id`, `feedback`, `productid`, `username`, `rate`, `date_post`) VALUES (57, 'Mua hàng của shop lần 2 rồi lần nào cũng ưng , sẽ ủng hộ tiêpa ', 59, 'khaiHA032', 4, CAST('2020-06-25' AS Date));
INSERT `comments` (`id`, `feedback`, `productid`, `username`, `rate`, `date_post`) VALUES (58, 'Cho shop 7749 timm nhaaaaa 🥰🥰', 59, 'lamEXO090', 4, CAST('2022-10-22' AS Date));
INSERT `comments` (`id`, `feedback`, `productid`, `username`, `rate`, `date_post`) VALUES (59, 'Giao hàng nhanh đặt hồi mùng 6 mà nay đã nhận đc rồi chất vải đẹp, ko xù lông lắm', 59, 'lanQG062', 5, CAST('2022-10-22' AS Date));
INSERT `comments` (`id`, `feedback`, `productid`, `username`, `rate`, `date_post`) VALUES (60, 'hàng đẹp hic nma e muốn đổi sz mà shop kh rep ib hơi bùn :(((( may lúc hàng về e mang cũng kh cộc lắm . Nói chung cũng ổn với giá tiền thì hơi mỏng , chất xù', 59, 'minhlinh963033', 5, CAST('2020-06-25' AS Date));
INSERT `comments` (`id`, `feedback`, `productid`, `username`, `rate`, `date_post`) VALUES (63, 'Bia hết hạn sử dụng ... May mà tui kiểm tra mới phát hiện. Làm ăn cẩu thả 💩💩💩💩💩💩💩💩💩💩💩💩💩💩💩💩💩💩', 30, 'nguyenkha220699', 1, CAST('2022-11-15' AS Date));
INSERT `comments` (`id`, `feedback`, `productid`, `username`, `rate`, `date_post`) VALUES (64, 'Bia n;n .... Yêu bia miền trung . Laru là số một. Shop giao hàng siêu nhanh 👄👶👳♂👳♂👳♂👳♂👳♂👳♂👳♂👳♂👳♂', 30, 'nguyenkha220699', 4, CAST('2022-11-15' AS Date));
INSERT `comments` (`id`, `feedback`, `productid`, `username`, `rate`, `date_post`) VALUES (65, '❤🐬🐬🐬🐬🐬N;n. Hàng giao nhanh . Yêu shop ', 30, 'anHV031', 4, CAST('2022-11-15' AS Date));
INSERT `comments` (`id`, `feedback`, `productid`, `username`, `rate`, `date_post`) VALUES (76, '❤🐬🖖❤🐬🖖❤Túi xách đẹp - Hàng chất lượng - Đẹp 100% như hình . Thank shop 🐬🖖❤🐬🖖🐬🖖', 39, 'nguyenkha220699', 5, CAST('2022-11-15' AS Date));
INSERT `comments` (`id`, `feedback`, `productid`, `username`, `rate`, `date_post`) VALUES (77, 'Đẹp thiệt, giống như hình 100% . Cảm ơn shop', 35, 'nguyenkha220699', 4, CAST('2022-11-19' AS Date));
INSERT `comments` (`id`, `feedback`, `productid`, `username`, `rate`, `date_post`) VALUES (78, 'rau sạch', 52, 'suongHV037', 5, CAST('2022-11-21' AS Date));
INSERT `comments` (`id`, `feedback`, `productid`, `username`, `rate`, `date_post`) VALUES (79, 'Đẹp quá nha, nhưng giao hàng chậm quá', 71, 'nguyenkha220699', 3, CAST('2022-11-27' AS Date));
INSERT `comments` (`id`, `feedback`, `productid`, `username`, `rate`, `date_post`) VALUES (80, 'Sài cũng tạm được, nhưng giao hàng nhanh, Cảm ơn shop !!', 51, 'nguyenkha220699', 4, CAST('2022-11-27' AS Date));
INSERT `comments` (`id`, `feedback`, `productid`, `username`, `rate`, `date_post`) VALUES (81, 'Đồ đẹp như hình, Chất lượng tốt, nhân viên lắp đặt đẹp trai :D 😄😄😄😄😄😄😄😄😄😄', 51, 'anHV031', 1, CAST('2022-11-27' AS Date));
INSERT `comments` (`id`, `feedback`, `productid`, `username`, `rate`, `date_post`) VALUES (82, 'Ê, mới sài được vài tuần thì nó bị lỗi rồi bình luận lại nha 😑😑😑😑😑😑😑', 51, 'anHV031', 1, CAST('2022-11-27' AS Date));
INSERT `comments` (`id`, `feedback`, `productid`, `username`, `rate`, `date_post`) VALUES (83, 'Hàng đẹp chất lượng như hình ..... cảm ơn shop nhiều', 51, 'an123039', 5, CAST('2022-11-27' AS Date));
INSERT `comments` (`id`, `feedback`, `productid`, `username`, `rate`, `date_post`) VALUES (84, '🚌🚌🚌🚌 Mại dô mại dô nào 🏍🏍🏍🏍', 31, 'an123039', 4, CAST('2022-11-27' AS Date));
INSERT `comments` (`id`, `feedback`, `productid`, `username`, `rate`, `date_post`) VALUES (85, 'localStorage.getItem("rate")', 33, 'an123039', 4, CAST('2022-11-27' AS Date));
INSERT `comments` (`id`, `feedback`, `productid`, `username`, `rate`, `date_post`) VALUES (86, 'Đồ dởm', 103, 'an123039', 1, CAST('2022-11-27' AS Date));
INSERT `comments` (`id`, `feedback`, `productid`, `username`, `rate`, `date_post`) VALUES (87, 'Xin lỗi ,,, đồ chạy lại n;n lành rồi ☘🍀🍂😄😑😄😑😄😑😄', 103, 'an123039', 5, CAST('2022-11-27' AS Date));
INSERT `comments` (`id`, `feedback`, `productid`, `username`, `rate`, `date_post`) VALUES (88, 'Không ai bình luận ???', 46, 'an123039', 5, CAST('2022-11-27' AS Date));
INSERT `comments` (`id`, `feedback`, `productid`, `username`, `rate`, `date_post`) VALUES (89, 'Cũng tạm được', 31, 'an123039', 5, CAST('2022-12-13' AS Date));
ALTER TABLE `comments` MODIFY COLUMN `id` int AUTO_INCREMENT NOT NULL;



INSERT `discounts` (`id`, `date_from`, `date_end`, `free`, `dolar`, `number`) VALUES ('1169-3199-1399-1562', CAST('2022-12-06' AS Date), CAST('2022-12-16' AS Date), NULL, 30, 100);
INSERT `discounts` (`id`, `date_from`, `date_end`, `free`, `dolar`, `number`) VALUES ('1755-9345-3418-9167', CAST('2022-11-19' AS Date), CAST('2022-11-30' AS Date), 50, NULL, 150);
INSERT `discounts` (`id`, `date_from`, `date_end`, `free`, `dolar`, `number`) VALUES ('1832-6475-1931-6444', CAST('2022-11-17' AS Date), CAST('2022-11-27' AS Date), 15, NULL, 111);
INSERT `discounts` (`id`, `date_from`, `date_end`, `free`, `dolar`, `number`) VALUES ('2130-5858-9630-5788', CAST('2022-12-06' AS Date), CAST('2022-12-28' AS Date), 30, NULL, 250);
INSERT `discounts` (`id`, `date_from`, `date_end`, `free`, `dolar`, `number`) VALUES ('3483-5584-2585-3987', CAST('2022-11-19' AS Date), CAST('2022-11-20' AS Date), 15, NULL, 10);
INSERT `discounts` (`id`, `date_from`, `date_end`, `free`, `dolar`, `number`) VALUES ('3515-7463-9467-4764', CAST('2022-11-19' AS Date), CAST('2022-11-29' AS Date), 15, NULL, 50);
INSERT `discounts` (`id`, `date_from`, `date_end`, `free`, `dolar`, `number`) VALUES ('3988-7379-6692-9179', CAST('2022-11-18' AS Date), CAST('2022-11-28' AS Date), 50, NULL, 100);
INSERT `discounts` (`id`, `date_from`, `date_end`, `free`, `dolar`, `number`) VALUES ('6493-9374-8712-6267', CAST('2022-12-06' AS Date), CAST('2022-12-16' AS Date), NULL, 20, 100);
INSERT `discounts` (`id`, `date_from`, `date_end`, `free`, `dolar`, `number`) VALUES ('8715-6689-7128-5544', CAST('2022-12-10' AS Date), CAST('2022-12-20' AS Date), 15, NULL, 100);
INSERT `discounts` (`id`, `date_from`, `date_end`, `free`, `dolar`, `number`) VALUES ('9877-6364-5795-4268', CAST('2022-12-04' AS Date), CAST('2022-12-24' AS Date), 50, NULL, 100);



ALTER TABLE `histories` MODIFY COLUMN `id` INT;
INSERT `histories` (`id`, `link`, `schedual`, `title`, `username`, `status`) VALUES (3, 'http://localhost:8080/files/Bao cao doanh thu tung san pham.pdf', CAST('2022-12-03T13:34:51.547' AS DateTime), 'Nhân viên Huỳnh Thị Tâm đã gửi báo cáo 03/12/2022', 'anAP073', 1);
INSERT `histories` (`id`, `link`, `schedual`, `title`, `username`, `status`) VALUES (4, 'http://localhost:8080/files/Bao cao ton kho.pdf', CAST('2022-12-03T17:24:22.907' AS DateTime), 'Nhân viên Huỳnh Thị Tâm đã gửi báo cáo 03/12/2022', 'anAP073', 1);
INSERT `histories` (`id`, `link`, `schedual`, `title`, `username`, `status`) VALUES (5, NULL, CAST('2022-12-04T11:02:42.153' AS DateTime), 'Bạn đã thay đổi trạng thái nhân viên Ông Trùng Vân thành Dừng làm việc', 'khannit159', 1);
INSERT `histories` (`id`, `link`, `schedual`, `title`, `username`, `status`) VALUES (7, NULL, CAST('2022-12-04T11:31:55.127' AS DateTime), 'Bạn đã thay đổi trạng thái nhân viên Mai Bích Trinh thành Dừng làm việc', 'khannit159', 1);
INSERT `histories` (`id`, `link`, `schedual`, `title`, `username`, `status`) VALUES (8, NULL, CAST('2022-12-04T11:59:07.503' AS DateTime), 'Bạn đã thay đổi trạng thái nhân viên nguyen van kkkk thành Dừng làm việc', 'khannit159', 1);
INSERT `histories` (`id`, `link`, `schedual`, `title`, `username`, `status`) VALUES (9, 'http://localhost:8080/files/4122022.Bao cao luong nhan vien.pdf', CAST('2022-12-04T13:21:06.587' AS DateTime), 'Nhân viên Huỳnh Thị Tâm đã gửi báo cáo 04/12/2022', 'anAP073', 1);
INSERT `histories` (`id`, `link`, `schedual`, `title`, `username`, `status`) VALUES (10, NULL, CAST('2022-12-10T10:51:25.663' AS DateTime), 'Bạn đã thay đổi trạng thái nhân viên Ông Trùng Vân thành Dừng làm việc', 'khannit159', 1);
INSERT `histories` (`id`, `link`, `schedual`, `title`, `username`, `status`) VALUES (11, NULL, CAST('2022-12-10T10:55:39.903' AS DateTime), 'Bạn đã thay đổi trạng thái nhân viên Ông Trùng Vân thành Đang làm việc', 'khannit159', 1);
INSERT `histories` (`id`, `link`, `schedual`, `title`, `username`, `status`) VALUES (12, 'http://localhost:8080/files/nguyen n;c kha''s Notebook.url', CAST('2022-12-10T10:56:34.423' AS DateTime), 'Nhân viên Huỳnh Thị Tâm đã gửi báo cáo 10/12/2022', 'anAP073', 1);
INSERT `histories` (`id`, `link`, `schedual`, `title`, `username`, `status`) VALUES (13, NULL, CAST('2022-12-21T11:46:11.557' AS DateTime), 'Bạn đã thay đổi trạng thái nhân viên Ông Trùng Vân thành Dừng làm việc', 'khannit159', 1);
ALTER TABLE `histories` MODIFY COLUMN `id` bigint AUTO_INCREMENT NOT NULL;



ALTER TABLE `notifications` MODIFY COLUMN `id` INT;
INSERT `notifications` (`id`, `file_name`, `sent_date`, `title`, `account_id`, `status`) VALUES (7, 'Bao cao doanh thu tung san pham.pdf', CAST('2022-12-03' AS Date), 'Đã gửi báo cáo thành công 03/12/2022', 'anAP073', 0);
INSERT `notifications` (`id`, `file_name`, `sent_date`, `title`, `account_id`, `status`) VALUES (8, 'PDF File', CAST('2022-12-03' AS Date), 'Nhân viên Huỳnh Thị Tâm đã gửi báo cáo 03/12/2022', 'khannit159', 0);
INSERT `notifications` (`id`, `file_name`, `sent_date`, `title`, `account_id`, `status`) VALUES (9, 'Bao cao ton kho.pdf', CAST('2022-12-03' AS Date), 'Đã gửi báo cáo thành công 03/12/2022', 'anAP073', 0);
INSERT `notifications` (`id`, `file_name`, `sent_date`, `title`, `account_id`, `status`) VALUES (10, 'PDF File', CAST('2022-12-03' AS Date), 'Nhân viên Huỳnh Thị Tâm đã gửi báo cáo 03/12/2022', 'khannit159', 0);
INSERT `notifications` (`id`, `file_name`, `sent_date`, `title`, `account_id`, `status`) VALUES (13, '- Tin nhắn thông báo -', CAST('2022-12-04' AS Date), 'Bạn đã thay đổi trạng thái nhân viên Ông Trùng Vân thành Dừng làm việc', 'khannit159', 0);
INSERT `notifications` (`id`, `file_name`, `sent_date`, `title`, `account_id`, `status`) VALUES (14, '- Tin nhắn thông báo -', CAST('2022-12-04' AS Date), 'Bạn đã thay đổi trạng thái nhân viên Ông Trùng Vân thành Đang làm việc', 'khannit159', 0);
INSERT `notifications` (`id`, `file_name`, `sent_date`, `title`, `account_id`, `status`) VALUES (15, '- Tin nhắn thông báo -', CAST('2022-12-04' AS Date), 'Bạn đã thay đổi trạng thái nhân viên Mai Bích Trinh thành Dừng làm việc', 'khannit159', 0);
INSERT `notifications` (`id`, `file_name`, `sent_date`, `title`, `account_id`, `status`) VALUES (16, '- Tin nhắn thông báo -', CAST('2022-12-04' AS Date), 'Bạn đã thay đổi trạng thái nhân viên nguyen van kkkk thành Dừng làm việc', 'khannit159', 0);
INSERT `notifications` (`id`, `file_name`, `sent_date`, `title`, `account_id`, `status`) VALUES (17, '4122022.Bao cao luong nhan vien.pdf', CAST('2022-12-04' AS Date), 'Đã gửi báo cáo thành công 04/12/2022', 'anAP073', 0);
INSERT `notifications` (`id`, `file_name`, `sent_date`, `title`, `account_id`, `status`) VALUES (18, 'PDF File', CAST('2022-12-04' AS Date), 'Nhân viên Huỳnh Thị Tâm đã gửi báo cáo 04/12/2022', 'khannit159', 0);
INSERT `notifications` (`id`, `file_name`, `sent_date`, `title`, `account_id`, `status`) VALUES (19, '- Tin nhắn thông báo -', CAST('2022-12-06' AS Date), 'Bạn đã thêm thành công sản phẩm Áo Polo Dry-EX Ngắn Tay', 'tuanHV039', 1);
INSERT `notifications` (`id`, `file_name`, `sent_date`, `title`, `account_id`, `status`) VALUES (20, '- Tin nhắn thông báo -', CAST('2022-12-10' AS Date), 'Bạn đã đặt hàng #87 vào 2022-12-19T00:00:00.000+00:00 thành công. Hãy kiểm tra tin nhắn trong gmail.', 'nguyenkha220699', 1);
INSERT `notifications` (`id`, `file_name`, `sent_date`, `title`, `account_id`, `status`) VALUES (21, '- Tin nhắn thông báo -', CAST('2022-12-10' AS Date), 'Bạn đã thay đổi trạng thái nhân viên Ông Trùng Vân thành Đang làm việc', 'khannit159', 0);
INSERT `notifications` (`id`, `file_name`, `sent_date`, `title`, `account_id`, `status`) VALUES (22, 'nguyen n;c kha''s Notebook.url', CAST('2022-12-10' AS Date), 'Đã gửi báo cáo thành công 10/12/2022', 'anAP073', 0);
INSERT `notifications` (`id`, `file_name`, `sent_date`, `title`, `account_id`, `status`) VALUES (23, 'PDF File', CAST('2022-12-10' AS Date), 'Nhân viên Huỳnh Thị Tâm đã gửi báo cáo 10/12/2022', 'khannit159', 0);
INSERT `notifications` (`id`, `file_name`, `sent_date`, `title`, `account_id`, `status`) VALUES (24, '-Tin nhắn thông báo-', CAST('2022-12-10' AS Date), 'Bạn đã thay đổi loại hàng Rau củ thành Dừng bá', 'tuanHV039', 1);
INSERT `notifications` (`id`, `file_name`, `sent_date`, `title`, `account_id`, `status`) VALUES (25, '-Tin nhắn thông báo-', CAST('2022-12-10' AS Date), 'Bạn đã thay đổi loại hàng Rau củ thành Bán lại', 'anAP073', 0);
INSERT `notifications` (`id`, `file_name`, `sent_date`, `title`, `account_id`, `status`) VALUES (26, '-Tin nhắn thông báo-', CAST('2022-12-10' AS Date), 'Bạn đã thay đổi loại hàng Giày dép thành Dừng bá', 'anAP073', 0);
INSERT `notifications` (`id`, `file_name`, `sent_date`, `title`, `account_id`, `status`) VALUES (27, '-Tin nhắn thông báo-', CAST('2022-12-10' AS Date), 'Bạn đã thêm thành công một thể loại mặt hàng mới là Tủ lạnh', 'anAP073', 0);
INSERT `notifications` (`id`, `file_name`, `sent_date`, `title`, `account_id`, `status`) VALUES (28, '-Tin nhắn thông báo-', CAST('2022-12-10' AS Date), 'Bạn đã thay đổi loại hàng Giày dép thành Bán lại', 'anAP073', 0);
INSERT `notifications` (`id`, `file_name`, `sent_date`, `title`, `account_id`, `status`) VALUES (29, '- Tin nhắn thông báo -', CAST('2022-12-13' AS Date), 'Bạn đã thêm thành công sản phẩm BÂi', 'anAP073', 0);
INSERT `notifications` (`id`, `file_name`, `sent_date`, `title`, `account_id`, `status`) VALUES (30, '-Tin nhắn thông báo-', CAST('2022-12-19' AS Date), 'Bạn đã thêm thành công một thể loại mặt hàng mới là Tủ lạnh', 'anAP073', 0);
INSERT `notifications` (`id`, `file_name`, `sent_date`, `title`, `account_id`, `status`) VALUES (31, '-Tin nhắn thông báo-', CAST('2022-12-19' AS Date), 'Bạn đã thay đổi loại hàng Bia thành Dừng bá', 'anAP073', 0);
INSERT `notifications` (`id`, `file_name`, `sent_date`, `title`, `account_id`, `status`) VALUES (32, '-Tin nhắn thông báo-', CAST('2022-12-19' AS Date), 'Bạn đã thay đổi loại hàng Bia thành Bán lại', 'anAP073', 0);
INSERT `notifications` (`id`, `file_name`, `sent_date`, `title`, `account_id`, `status`) VALUES (33, '- Tin nhắn thông báo -', CAST('2022-12-21' AS Date), 'Bạn đã thay đổi trạng thái nhân viên Ông Trùng Vân thành Dừng làm việc', 'khannit159', 1);
INSERT `notifications` (`id`, `file_name`, `sent_date`, `title`, `account_id`, `status`) VALUES (34, '- Tin nhắn thông báo -', CAST('2022-12-21' AS Date), 'Bạn đã thêm thành công sản phẩm Bộ 3 Hộp Nhựa Đựng Thực Phẩm Song Long Plastic', 'anAP073', 0);
INSERT `notifications` (`id`, `file_name`, `sent_date`, `title`, `account_id`, `status`) VALUES (35, '- Tin nhắn thông báo -', CAST('2022-12-21' AS Date), 'Bạn đã thêm thành công sản phẩm Hộp bảo quản thực phẩm bằng nhựa Song Long', 'anAP073', 0);
INSERT `notifications` (`id`, `file_name`, `sent_date`, `title`, `account_id`, `status`) VALUES (36, '-Tin nhắn thông báo-', CAST('2022-12-21' AS Date), 'Bạn đã thay đổi loại hàng Bia thành Dừng bá', 'anAP073', 0);
INSERT `notifications` (`id`, `file_name`, `sent_date`, `title`, `account_id`, `status`) VALUES (37, '-Tin nhắn thông báo-', CAST('2022-12-21' AS Date), 'Bạn đã thay đổi loại hàng Balo thành Dừng bá', 'anAP073', 0);
INSERT `notifications` (`id`, `file_name`, `sent_date`, `title`, `account_id`, `status`) VALUES (38, '-Tin nhắn thông báo-', CAST('2022-12-21' AS Date), 'Bạn đã thay đổi loại hàng Bia thành Bán lại', 'anAP073', 0);
INSERT `notifications` (`id`, `file_name`, `sent_date`, `title`, `account_id`, `status`) VALUES (39, '-Tin nhắn thông báo-', CAST('2022-12-21' AS Date), 'Bạn đã thay đổi loại hàng Balo thành Bán lại', 'anAP073', 1);
ALTER TABLE `notifications` MODIFY COLUMN `id` bigint AUTO_INCREMENT NOT NULL;



ALTER TABLE `orderdetails` MODIFY COLUMN `id` INT;
INSERT `orderdetails` (`id`, `quantity`, `orderid`, `productid`) VALUES (1, 1, 1, 30);
INSERT `orderdetails` (`id`, `quantity`, `orderid`, `productid`) VALUES (2, 2, 1, 31);
INSERT `orderdetails` (`id`, `quantity`, `orderid`, `productid`) VALUES (3, 1, 2, 45);
INSERT `orderdetails` (`id`, `quantity`, `orderid`, `productid`) VALUES (4, 1, 4, 45);
INSERT `orderdetails` (`id`, `quantity`, `orderid`, `productid`) VALUES (5, 2, 4, 46);
INSERT `orderdetails` (`id`, `quantity`, `orderid`, `productid`) VALUES (6, 1, 5, 47);
INSERT `orderdetails` (`id`, `quantity`, `orderid`, `productid`) VALUES (7, 2, 5, 48);
INSERT `orderdetails` (`id`, `quantity`, `orderid`, `productid`) VALUES (45, 5, 69, 30);
INSERT `orderdetails` (`id`, `quantity`, `orderid`, `productid`) VALUES (46, 3, 69, 33);
INSERT `orderdetails` (`id`, `quantity`, `orderid`, `productid`) VALUES (47, 2, 70, 34);
INSERT `orderdetails` (`id`, `quantity`, `orderid`, `productid`) VALUES (48, 3, 70, 41);
INSERT `orderdetails` (`id`, `quantity`, `orderid`, `productid`) VALUES (49, 2, 70, 39);
INSERT `orderdetails` (`id`, `quantity`, `orderid`, `productid`) VALUES (50, 1, 71, 41);
INSERT `orderdetails` (`id`, `quantity`, `orderid`, `productid`) VALUES (51, 4, 71, 31);
INSERT `orderdetails` (`id`, `quantity`, `orderid`, `productid`) VALUES (52, 7, 71, 30);
INSERT `orderdetails` (`id`, `quantity`, `orderid`, `productid`) VALUES (53, 3, 72, 74);
INSERT `orderdetails` (`id`, `quantity`, `orderid`, `productid`) VALUES (54, 3, 73, 35);
INSERT `orderdetails` (`id`, `quantity`, `orderid`, `productid`) VALUES (55, 1, 74, 39);
INSERT `orderdetails` (`id`, `quantity`, `orderid`, `productid`) VALUES (56, 3, 74, 40);
INSERT `orderdetails` (`id`, `quantity`, `orderid`, `productid`) VALUES (57, 1, 75, 46);
INSERT `orderdetails` (`id`, `quantity`, `orderid`, `productid`) VALUES (58, 1, 75, 43);
INSERT `orderdetails` (`id`, `quantity`, `orderid`, `productid`) VALUES (59, 4, 75, 30);
INSERT `orderdetails` (`id`, `quantity`, `orderid`, `productid`) VALUES (60, 2, 6, 47);
INSERT `orderdetails` (`id`, `quantity`, `orderid`, `productid`) VALUES (61, 1, 6, 48);
INSERT `orderdetails` (`id`, `quantity`, `orderid`, `productid`) VALUES (62, 2, 7, 128);
INSERT `orderdetails` (`id`, `quantity`, `orderid`, `productid`) VALUES (63, 8, 13, 129);
INSERT `orderdetails` (`id`, `quantity`, `orderid`, `productid`) VALUES (64, 2, 14, 100);
INSERT `orderdetails` (`id`, `quantity`, `orderid`, `productid`) VALUES (65, 1, 14, 101);
INSERT `orderdetails` (`id`, `quantity`, `orderid`, `productid`) VALUES (66, 3, 14, 102);
INSERT `orderdetails` (`id`, `quantity`, `orderid`, `productid`) VALUES (67, 1, 14, 135);
INSERT `orderdetails` (`id`, `quantity`, `orderid`, `productid`) VALUES (68, 3, 15, 141);
INSERT `orderdetails` (`id`, `quantity`, `orderid`, `productid`) VALUES (69, 2, 15, 100);
INSERT `orderdetails` (`id`, `quantity`, `orderid`, `productid`) VALUES (70, 2, 19, 96);
INSERT `orderdetails` (`id`, `quantity`, `orderid`, `productid`) VALUES (71, 1, 20, 96);
INSERT `orderdetails` (`id`, `quantity`, `orderid`, `productid`) VALUES (72, 2, 69, 101);
INSERT `orderdetails` (`id`, `quantity`, `orderid`, `productid`) VALUES (73, 1, 70, 102);
INSERT `orderdetails` (`id`, `quantity`, `orderid`, `productid`) VALUES (74, 3, 71, 105);
INSERT `orderdetails` (`id`, `quantity`, `orderid`, `productid`) VALUES (75, 1, 71, 126);
INSERT `orderdetails` (`id`, `quantity`, `orderid`, `productid`) VALUES (76, 10, 72, 136);
INSERT `orderdetails` (`id`, `quantity`, `orderid`, `productid`) VALUES (77, 100, 73, 136);
INSERT `orderdetails` (`id`, `quantity`, `orderid`, `productid`) VALUES (78, 5, 73, 60);
INSERT `orderdetails` (`id`, `quantity`, `orderid`, `productid`) VALUES (79, 2, 73, 59);
INSERT `orderdetails` (`id`, `quantity`, `orderid`, `productid`) VALUES (80, 20, 73, 57);
INSERT `orderdetails` (`id`, `quantity`, `orderid`, `productid`) VALUES (81, 100, 74, 141);
INSERT `orderdetails` (`id`, `quantity`, `orderid`, `productid`) VALUES (82, 2, 75, 133);
INSERT `orderdetails` (`id`, `quantity`, `orderid`, `productid`) VALUES (83, 6, 76, 38);
INSERT `orderdetails` (`id`, `quantity`, `orderid`, `productid`) VALUES (84, 1, 77, 36);
INSERT `orderdetails` (`id`, `quantity`, `orderid`, `productid`) VALUES (85, 4, 78, 33);
INSERT `orderdetails` (`id`, `quantity`, `orderid`, `productid`) VALUES (86, 3, 78, 30);
INSERT `orderdetails` (`id`, `quantity`, `orderid`, `productid`) VALUES (87, 3, 79, 134);
INSERT `orderdetails` (`id`, `quantity`, `orderid`, `productid`) VALUES (88, 3, 80, 32);
INSERT `orderdetails` (`id`, `quantity`, `orderid`, `productid`) VALUES (89, 4, 80, 39);
INSERT `orderdetails` (`id`, `quantity`, `orderid`, `productid`) VALUES (90, 2, 81, 30);
INSERT `orderdetails` (`id`, `quantity`, `orderid`, `productid`) VALUES (91, 6, 82, 36);
INSERT `orderdetails` (`id`, `quantity`, `orderid`, `productid`) VALUES (92, 4, 83, 30);
INSERT `orderdetails` (`id`, `quantity`, `orderid`, `productid`) VALUES (93, 4, 84, 31);
INSERT `orderdetails` (`id`, `quantity`, `orderid`, `productid`) VALUES (94, 3, 85, 33);
INSERT `orderdetails` (`id`, `quantity`, `orderid`, `productid`) VALUES (95, 2, 86, 44);
INSERT `orderdetails` (`id`, `quantity`, `orderid`, `productid`) VALUES (96, 1, 87, 42);
INSERT `orderdetails` (`id`, `quantity`, `orderid`, `productid`) VALUES (97, 30, 3, 30);
INSERT `orderdetails` (`id`, `quantity`, `orderid`, `productid`) VALUES (98, 3, 21, 46);
INSERT `orderdetails` (`id`, `quantity`, `orderid`, `productid`) VALUES (99, 1, 21, 71);
INSERT `orderdetails` (`id`, `quantity`, `orderid`, `productid`) VALUES (100, 15, 88, 30);
INSERT `orderdetails` (`id`, `quantity`, `orderid`, `productid`) VALUES (101, 2, 89, 36);
INSERT `orderdetails` (`id`, `quantity`, `orderid`, `productid`) VALUES (102, 1, 90, 44);
INSERT `orderdetails` (`id`, `quantity`, `orderid`, `productid`) VALUES (103, 5, 92, 60);
INSERT `orderdetails` (`id`, `quantity`, `orderid`, `productid`) VALUES (104, 5, 92, 59);
INSERT `orderdetails` (`id`, `quantity`, `orderid`, `productid`) VALUES (105, 5, 92, 52);
INSERT `orderdetails` (`id`, `quantity`, `orderid`, `productid`) VALUES (106, 4, 93, 131);
INSERT `orderdetails` (`id`, `quantity`, `orderid`, `productid`) VALUES (107, 1, 94, 126);
INSERT `orderdetails` (`id`, `quantity`, `orderid`, `productid`) VALUES (108, 2, 95, 134);
INSERT `orderdetails` (`id`, `quantity`, `orderid`, `productid`) VALUES (109, 2, 95, 141);
INSERT `orderdetails` (`id`, `quantity`, `orderid`, `productid`) VALUES (110, 100, 96, 141);
INSERT `orderdetails` (`id`, `quantity`, `orderid`, `productid`) VALUES (111, 10, 97, 150);
INSERT `orderdetails` (`id`, `quantity`, `orderid`, `productid`) VALUES (112, 10, 97, 151);
INSERT `orderdetails` (`id`, `quantity`, `orderid`, `productid`) VALUES (113, 3, 98, 146);
INSERT `orderdetails` (`id`, `quantity`, `orderid`, `productid`) VALUES (114, 5, 98, 147);
INSERT `orderdetails` (`id`, `quantity`, `orderid`, `productid`) VALUES (115, 4, 99, 30);
INSERT `orderdetails` (`id`, `quantity`, `orderid`, `productid`) VALUES (116, 1, 99, 31);
INSERT `orderdetails` (`id`, `quantity`, `orderid`, `productid`) VALUES (117, 1, 100, 50);
INSERT `orderdetails` (`id`, `quantity`, `orderid`, `productid`) VALUES (118, 1, 101, 49);
INSERT `orderdetails` (`id`, `quantity`, `orderid`, `productid`) VALUES (119, 3, 102, 51);
INSERT `orderdetails` (`id`, `quantity`, `orderid`, `productid`) VALUES (120, 2, 103, 95);
INSERT `orderdetails` (`id`, `quantity`, `orderid`, `productid`) VALUES (121, 1, 103, 99);
INSERT `orderdetails` (`id`, `quantity`, `orderid`, `productid`) VALUES (122, 1, 104, 123);
INSERT `orderdetails` (`id`, `quantity`, `orderid`, `productid`) VALUES (123, 2, 105, 31);
INSERT `orderdetails` (`id`, `quantity`, `orderid`, `productid`) VALUES (124, 3, 105, 30);
INSERT `orderdetails` (`id`, `quantity`, `orderid`, `productid`) VALUES (125, 1, 106, 136);
INSERT `orderdetails` (`id`, `quantity`, `orderid`, `productid`) VALUES (126, 1, 107, 94);
INSERT `orderdetails` (`id`, `quantity`, `orderid`, `productid`) VALUES (127, 2, 107, 95);
INSERT `orderdetails` (`id`, `quantity`, `orderid`, `productid`) VALUES (128, 1, 108, 98);
INSERT `orderdetails` (`id`, `quantity`, `orderid`, `productid`) VALUES (129, 10, 109, 57);
INSERT `orderdetails` (`id`, `quantity`, `orderid`, `productid`) VALUES (130, 10, 109, 56);
INSERT `orderdetails` (`id`, `quantity`, `orderid`, `productid`) VALUES (131, 10, 109, 55);
INSERT `orderdetails` (`id`, `quantity`, `orderid`, `productid`) VALUES (132, 200, 110, 89);
INSERT `orderdetails` (`id`, `quantity`, `orderid`, `productid`) VALUES (133, 10, 111, 76);
INSERT `orderdetails` (`id`, `quantity`, `orderid`, `productid`) VALUES (134, 10, 113, 76);
INSERT `orderdetails` (`id`, `quantity`, `orderid`, `productid`) VALUES (135, 3, 114, 70);
INSERT `orderdetails` (`id`, `quantity`, `orderid`, `productid`) VALUES (136, 1, 115, 111);
INSERT `orderdetails` (`id`, `quantity`, `orderid`, `productid`) VALUES (137, 1, 116, 113);
INSERT `orderdetails` (`id`, `quantity`, `orderid`, `productid`) VALUES (138, 1, 117, 114);
INSERT `orderdetails` (`id`, `quantity`, `orderid`, `productid`) VALUES (139, 1, 118, 98);
INSERT `orderdetails` (`id`, `quantity`, `orderid`, `productid`) VALUES (140, 2, 118, 99);
INSERT `orderdetails` (`id`, `quantity`, `orderid`, `productid`) VALUES (141, 3, 119, 151);
INSERT `orderdetails` (`id`, `quantity`, `orderid`, `productid`) VALUES (142, 2, 120, 150);
INSERT `orderdetails` (`id`, `quantity`, `orderid`, `productid`) VALUES (143, 1, 121, 105);
INSERT `orderdetails` (`id`, `quantity`, `orderid`, `productid`) VALUES (144, 1, 121, 48);
INSERT `orderdetails` (`id`, `quantity`, `orderid`, `productid`) VALUES (145, 5, 123, 51);
INSERT `orderdetails` (`id`, `quantity`, `orderid`, `productid`) VALUES (146, 5, 123, 45);
INSERT `orderdetails` (`id`, `quantity`, `orderid`, `productid`) VALUES (147, 10, 124, 40);
INSERT `orderdetails` (`id`, `quantity`, `orderid`, `productid`) VALUES (148, 10, 126, 43);
INSERT `orderdetails` (`id`, `quantity`, `orderid`, `productid`) VALUES (149, 5, 122, 47);
INSERT `orderdetails` (`id`, `quantity`, `orderid`, `productid`) VALUES (150, 10, 127, 43);
INSERT `orderdetails` (`id`, `quantity`, `orderid`, `productid`) VALUES (151, 10, 127, 56);
INSERT `orderdetails` (`id`, `quantity`, `orderid`, `productid`) VALUES (152, 5, 128, 111);
ALTER TABLE `orderdetails` MODIFY COLUMN `id` bigint AUTO_INCREMENT NOT NULL;



ALTER TABLE `orders` MODIFY COLUMN `id` INT;
INSERT `orders` (`id`, `address`, `createdate`, `username`, `status_id`, `date_confirm`, `total`) VALUES (1, 'K341/18 Tôn Đức Thắng, Q.Liên Chiểu, Hòa Minh, Đ', CAST('2022-11-21' AS Date), 'nguyenkha220699', 4, CAST('2022-12-03' AS Date), 955.49);
INSERT `orders` (`id`, `address`, `createdate`, `username`, `status_id`, `date_confirm`, `total`) VALUES (2, 'K341/18 Tôn Đức Thắng, Q.Liên Chiểu, Hòa Minh, Đ', CAST('2022-11-15' AS Date), 'nguyenkha220699', 4, CAST('2022-11-19' AS Date), 152.14);
INSERT `orders` (`id`, `address`, `createdate`, `username`, `status_id`, `date_confirm`, `total`) VALUES (3, '47 Hoàng Thị Loan, Q.liên Chiểu, P.Hòa Minh, TP.Đà Nẵng', CAST('2022-11-22' AS Date), 'an123039', 4, CAST('2022-12-03' AS Date), 7537.5);
INSERT `orders` (`id`, `address`, `createdate`, `username`, `status_id`, `date_confirm`, `total`) VALUES (4, 'K147/10 Hoàng Thị Loan, Q.liên Chiểu, P.Hòa Minh, TP.Đà Nẵng', CAST('2022-11-22' AS Date), 'an542095', 4, CAST('2022-12-13' AS Date), 398.66);
INSERT `orders` (`id`, `address`, `createdate`, `username`, `status_id`, `date_confirm`, `total`) VALUES (5, 'K154/8 Đại Hà, TP.Huế', CAST('2022-11-15' AS Date), 'an875037', 3, CAST('2022-11-25' AS Date), 4056.6);
INSERT `orders` (`id`, `address`, `createdate`, `username`, `status_id`, `date_confirm`, `total`) VALUES (6, '151 Lý Thái Tổ, P.Phú Thủy, Thành phố Hội A', CAST('2022-11-16' AS Date), 'binh123095', -1, NULL, 3836.1);
INSERT `orders` (`id`, `address`, `createdate`, `username`, `status_id`, `date_confirm`, `total`) VALUES (7, '88 Nguyễn Tất Thành, P.Hòa Mỹ, Q.Phú Thủy, Phan Thiết', CAST('2022-11-22' AS Date), 'binh875063', -1, NULL, 10);
INSERT `orders` (`id`, `address`, `createdate`, `username`, `status_id`, `date_confirm`, `total`) VALUES (13, 'K15/185 Ngô Quyền, P.Ngũ Hành Sơn, Q.Sơn Trà, Đà Nẵng', CAST('2022-11-15' AS Date), 'myHM037', -1, NULL, 1032);
INSERT `orders` (`id`, `address`, `createdate`, `username`, `status_id`, `date_confirm`, `total`) VALUES (14, '158 Trưng Nữ Vương, Q.Hòa Minh, TP.Quãng Trị', CAST('2022-11-30' AS Date), 'myHM063', 2, CAST('2022-12-03' AS Date), 913);
INSERT `orders` (`id`, `address`, `createdate`, `username`, `status_id`, `date_confirm`, `total`) VALUES (15, '151/21 Trần Cao Vân, Q.Thanh Hà, TP.Quãng Trị', CAST('2022-11-29' AS Date), 'myHV063', 3, CAST('2022-12-07' AS Date), 471);
INSERT `orders` (`id`, `address`, `createdate`, `username`, `status_id`, `date_confirm`, `total`) VALUES (19, '120 Hùng Vương, kế bên quán nước Hòa Minh, P.Tiến Thành, TP.HCM', CAST('2022-11-17' AS Date), 'taiNC031', 2, CAST('2022-12-03' AS Date), 230);
INSERT `orders` (`id`, `address`, `createdate`, `username`, `status_id`, `date_confirm`, `total`) VALUES (20, '120 Hùng Vương, kế bên quán nước Hòa Minh, P.Tiến Thành, TP.HCM', CAST('2022-10-22' AS Date), 'taiNC031', 1, NULL, 115);
INSERT `orders` (`id`, `address`, `createdate`, `username`, `status_id`, `date_confirm`, `total`) VALUES (21, 'K05/320 Tôn Đản, Q.Phú nhuận, TP.Cần Thơ', CAST('2022-10-22' AS Date), 'cuong123099', 2, CAST('2022-12-03' AS Date), 391.78);
INSERT `orders` (`id`, `address`, `createdate`, `username`, `status_id`, `date_confirm`, `total`) VALUES (69, 'K341/18 Tôn Đức Thắng, P.Hòa Minh, Q.Liên chiểu, TP.Đà Nẵng', CAST('2022-11-14' AS Date), 'nguyenkha220699', -1, NULL, 2546.15);
INSERT `orders` (`id`, `address`, `createdate`, `username`, `status_id`, `date_confirm`, `total`) VALUES (70, '123 Tôn Đức Thắng, Q.Liên Chiểu, P.Hòa Minh, Đ', CAST('2022-11-14' AS Date), 'anHV031', 3, CAST('2022-12-13' AS Date), 1701.13);
INSERT `orders` (`id`, `address`, `createdate`, `username`, `status_id`, `date_confirm`, `total`) VALUES (71, 'K341/18 Tôn Đức Thắng, P.Hòa Minh, Q.Liên chiểu, TP.Đà Nẵng', CAST('2022-12-16' AS Date), 'nguyenkha220699', 1, NULL, 6363.44);
INSERT `orders` (`id`, `address`, `createdate`, `username`, `status_id`, `date_confirm`, `total`) VALUES (72, 'Số 5 Phan Đức Long, Quận Thủ Đức, Tp.HCM', CAST('2022-11-19' AS Date), 'phuXX031', 2, CAST('2022-12-13' AS Date), 1514);
INSERT `orders` (`id`, `address`, `createdate`, `username`, `status_id`, `date_confirm`, `total`) VALUES (73, 'K341/18 Tôn Đức Thắng, P.Hòa Minh, Q.Liên chiểu, TP.Đà Nẵng', CAST('2022-12-19' AS Date), 'nguyenkha220699', 4, CAST('2022-11-19' AS Date), 15674.25);
INSERT `orders` (`id`, `address`, `createdate`, `username`, `status_id`, `date_confirm`, `total`) VALUES (74, '123 Kinh dương vương, Q.liên chiểu, P.Thanh khê, TP.Đà Nẵng', CAST('2022-12-19' AS Date), 'khaiHA033', 2, CAST('2022-12-03' AS Date), 2751.25);
INSERT `orders` (`id`, `address`, `createdate`, `username`, `status_id`, `date_confirm`, `total`) VALUES (75, 'K341/18 Tôn Đức Thắng, P.Hòa Minh, Q.Liên chiểu, TP.Đà Nẵng', CAST('2022-11-19' AS Date), 'nguyenkha220699', 2, CAST('2022-11-19' AS Date), 2165.51);
INSERT `orders` (`id`, `address`, `createdate`, `username`, `status_id`, `date_confirm`, `total`) VALUES (76, 'K341/52 Tôn Đức Thắng, Q.Liên Chiểu, TP.Đà Nẵng', CAST('2022-12-20' AS Date), 'suongHV037', 2, CAST('2022-12-03' AS Date), 1320);
INSERT `orders` (`id`, `address`, `createdate`, `username`, `status_id`, `date_confirm`, `total`) VALUES (77, '213 Kinh Dương Vương, Q.Cẩm Lệ, TP.Hải Dương', CAST('2022-12-21' AS Date), 'nhi963031', 1, CAST('2022-12-13' AS Date), 21.2);
INSERT `orders` (`id`, `address`, `createdate`, `username`, `status_id`, `date_confirm`, `total`) VALUES (78, '113 Hùng Vương, Thị Trấn Vườn Hài, Phường Phú Hòa, Tỉnh Hà Mỹ, TP.Quãng Ninh', CAST('2022-11-06' AS Date), 'tuanEXO099', 1, CAST('2022-12-19' AS Date), 1814.95);
INSERT `orders` (`id`, `address`, `createdate`, `username`, `status_id`, `date_confirm`, `total`) VALUES (79, 'K341/18 Tôn Đức Thắng, P.Hòa Minh, Q.Liên chiểu, TP.Đà Nẵng', CAST('2022-12-10' AS Date), 'nguyenkha220699', 1, CAST('2022-12-19' AS Date), 267);
INSERT `orders` (`id`, `address`, `createdate`, `username`, `status_id`, `date_confirm`, `total`) VALUES (80, '150-156 Nguyễn Văn Linh, Q.Thanh khê, Phường Vĩnh Trung, Tp.Đà Nẵng', CAST('2022-11-11' AS Date), 'trinhQG062', 0, NULL, 1815.6599999999999);
INSERT `orders` (`id`, `address`, `createdate`, `username`, `status_id`, `date_confirm`, `total`) VALUES (81, 'K341/18 Tôn Đức Thắng, P.Hòa Minh, Q.Liên chiểu, TP.Đà Nẵng', CAST('2022-12-13' AS Date), 'nguyenkha220699', 0, NULL, 502.5);
INSERT `orders` (`id`, `address`, `createdate`, `username`, `status_id`, `date_confirm`, `total`) VALUES (82, 'K341/18 Tôn Đức Thắng, P.Hòa Minh, Q.Liên chiểu, TP.Đà Nẵng', CAST('2022-11-14' AS Date), 'nguyenkha220699', 0, NULL, 127.19999999999999);
INSERT `orders` (`id`, `address`, `createdate`, `username`, `status_id`, `date_confirm`, `total`) VALUES (83, 'K341/18 Tôn Đức Thắng, P.Hòa Minh, Q.Liên chiểu, TP.Đà Nẵng', CAST('2022-12-19' AS Date), 'nguyenkha220699', 0, NULL, 1006.2);
INSERT `orders` (`id`, `address`, `createdate`, `username`, `status_id`, `date_confirm`, `total`) VALUES (84, '150-156 Nguyễn Văn Linh, Q.Thanh khê, Phường Vĩnh Trung, Tp.Đà Nẵng', CAST('2022-11-19' AS Date), 'trinhQG062', 0, NULL, 1409.68);
INSERT `orders` (`id`, `address`, `createdate`, `username`, `status_id`, `date_confirm`, `total`) VALUES (85, 'K341/18 Tôn Đức Thắng, P.Hòa Minh, Q.Liên chiểu, TP.Đà Nẵng', CAST('2022-11-19' AS Date), 'nguyenkha220699', 1, CAST('2022-12-19' AS Date), 677.54);
INSERT `orders` (`id`, `address`, `createdate`, `username`, `status_id`, `date_confirm`, `total`) VALUES (86, 'K341/18 Tôn Đức Thắng, P.Hòa Minh, Q.Liên chiểu, TP.Đà Nẵng', CAST('2022-12-19' AS Date), 'nguyenkha220699', 0, NULL, 200.14);
INSERT `orders` (`id`, `address`, `createdate`, `username`, `status_id`, `date_confirm`, `total`) VALUES (87, 'K341/18 Tôn Đức Thắng, P.Hòa Minh, Q.Liên chiểu, TP.Đà Nẵng', CAST('2022-12-19' AS Date), 'nguyenkha220699', -1, NULL, 598.78);
INSERT `orders` (`id`, `address`, `createdate`, `username`, `status_id`, `date_confirm`, `total`) VALUES (88, 'K341/18 Tôn Đức Thắng, P.Hòa Minh, Q.Liên chiểu, TP.Đà Nẵng', CAST('2021-06-09' AS Date), 'nguyenkha220699', 4, CAST('2021-06-11' AS Date), 3768.75);
INSERT `orders` (`id`, `address`, `createdate`, `username`, `status_id`, `date_confirm`, `total`) VALUES (89, 'K341/18 Tôn Đức Thắng, P.Hòa Minh, Q.Liên chiểu, TP.Đà Nẵng', CAST('2021-12-12' AS Date), 'nguyenkha220699', 4, CAST('2021-12-15' AS Date), 42.4);
INSERT `orders` (`id`, `address`, `createdate`, `username`, `status_id`, `date_confirm`, `total`) VALUES (90, 'Hẻm 360 Hồ Qúy Ly, P.Hòa Phú, Q.Phú Mỹ, TP.Đà Lạt', CAST('2021-09-12' AS Date), 'van963032', 4, CAST('2021-09-13' AS Date), 142.36);
INSERT `orders` (`id`, `address`, `createdate`, `username`, `status_id`, `date_confirm`, `total`) VALUES (92, 'Hẻm 360 Hồ Qúy Ly, P.Hòa Phú, Q.Phú Mỹ, TP.Đà Lạt', CAST('2021-04-01' AS Date), 'van963032', 4, CAST('2021-04-02' AS Date), 30);
INSERT `orders` (`id`, `address`, `createdate`, `username`, `status_id`, `date_confirm`, `total`) VALUES (93, 'Đường Hoàng Thị Loan, K830/25, Q.Thanh Khê, Đà Nẵng', CAST('2021-07-25' AS Date), 'vanGU077', 4, CAST('2021-07-26' AS Date), 180);
INSERT `orders` (`id`, `address`, `createdate`, `username`, `status_id`, `date_confirm`, `total`) VALUES (94, 'Đường Hoàng Thị Loan, K830/25, Q.Thanh Khê, Đà Nẵng', CAST('2021-07-28' AS Date), 'vanGU077', 4, CAST('2021-07-29' AS Date), 9);
INSERT `orders` (`id`, `address`, `createdate`, `username`, `status_id`, `date_confirm`, `total`) VALUES (95, '130 Tô Hiệu, Q.Hải Phòng, TP.Nha Trang', CAST('2021-12-30' AS Date), 'thanhHM033', 4, CAST('2021-12-31' AS Date), 204);
INSERT `orders` (`id`, `address`, `createdate`, `username`, `status_id`, `date_confirm`, `total`) VALUES (96, '130 Tô Hiệu, Q.Hải Phòng, TP.Nha Trang', CAST('2021-01-19' AS Date), 'thanhHM033', 4, CAST('2021-01-10' AS Date), 1300);
INSERT `orders` (`id`, `address`, `createdate`, `username`, `status_id`, `date_confirm`, `total`) VALUES (97, '889/18 Trường Chinh, Q.Cẩm Lệ, TP.Đà Nẵng', CAST('2021-02-18' AS Date), 'thaoAP062', 4, CAST('2021-02-19' AS Date), 87);
INSERT `orders` (`id`, `address`, `createdate`, `username`, `status_id`, `date_confirm`, `total`) VALUES (98, '889/18 Trường Chinh, Q.Cẩm Lệ, TP.Đà Nẵng', CAST('2021-03-18' AS Date), 'thaoAP062', 4, CAST('2021-03-19' AS Date), 134);
INSERT `orders` (`id`, `address`, `createdate`, `username`, `status_id`, `date_confirm`, `total`) VALUES (99, 'K05/320 Tôn Đản, Q.Phú nhuận, TP.Cần Thơ', CAST('2020-05-06' AS Date), 'cuong123099', 4, CAST('2020-05-08' AS Date), 1357.12);
INSERT `orders` (`id`, `address`, `createdate`, `username`, `status_id`, `date_confirm`, `total`) VALUES (100, '150-156 Nguyễn Văn Linh, Q.Thanh khê, Phường Vĩnh Trung, Tp.Đà Nẵng', CAST('2020-04-08' AS Date), 'trinhQG062', 4, CAST('2020-04-09' AS Date), 147);
INSERT `orders` (`id`, `address`, `createdate`, `username`, `status_id`, `date_confirm`, `total`) VALUES (101, 'Đường Hoàng Thị Loan, K830/25, Q.Thanh Khê, Đà Nẵng', CAST('2020-11-11' AS Date), 'vanGU077', 4, CAST('2020-11-12' AS Date), 1255);
INSERT `orders` (`id`, `address`, `createdate`, `username`, `status_id`, `date_confirm`, `total`) VALUES (102, '123 Tô Hiệu, Q.Thanh khê, P.Ngũ Hành Sơn, TP.Đà Nẵng', CAST('2020-10-15' AS Date), 'anHV031', 4, CAST('2020-10-16' AS Date), 775.8);
INSERT `orders` (`id`, `address`, `createdate`, `username`, `status_id`, `date_confirm`, `total`) VALUES (103, '123 Tô Hiệu, Q.Thanh khê, P.Ngũ Hành Sơn, TP.Đà Nẵng', CAST('2020-10-18' AS Date), 'anHV031', 4, CAST('2020-10-19' AS Date), 265);
INSERT `orders` (`id`, `address`, `createdate`, `username`, `status_id`, `date_confirm`, `total`) VALUES (104, '123 Tô Hiệu, Q.Thanh khê, P.Ngũ Hành Sơn, TP.Đà Nẵng', CAST('2020-10-30' AS Date), 'anHV031', 4, CAST('2020-10-31' AS Date), 875);
INSERT `orders` (`id`, `address`, `createdate`, `username`, `status_id`, `date_confirm`, `total`) VALUES (105, '50 Tô Hiệu, Q.Mỹ Lệ, Phường Hòa Phú, Nghệ A', CAST('2020-01-02' AS Date), 'huongGU031', 4, CAST('2020-01-03' AS Date), 1457.99);
INSERT `orders` (`id`, `address`, `createdate`, `username`, `status_id`, `date_confirm`, `total`) VALUES (106, '50 Tô Hiệu, Q.Mỹ Lệ, Phường Hòa Phú, Nghệ A', CAST('2020-06-14' AS Date), 'huongGU031', 4, CAST('2020-06-15' AS Date), 149);
INSERT `orders` (`id`, `address`, `createdate`, `username`, `status_id`, `date_confirm`, `total`) VALUES (107, '50 Tô Hiệu, Q.Mỹ Lệ, Phường Hòa Phú, Nghệ A', CAST('2021-09-26' AS Date), 'huongGU031', 4, CAST('2021-09-27' AS Date), 498);
INSERT `orders` (`id`, `address`, `createdate`, `username`, `status_id`, `date_confirm`, `total`) VALUES (108, '141/18 Phùng Văn, P.An Chiểu, Q.Thanh Tân, Quãng Ngãi', CAST('2020-12-21' AS Date), 'minhlinhHM072', 4, CAST('2020-12-22' AS Date), 1457.99);
INSERT `orders` (`id`, `address`, `createdate`, `username`, `status_id`, `date_confirm`, `total`) VALUES (109, '141/18 Phùng Văn, P.An Chiểu, Q.Thanh Tân, Quãng Ngãi', CAST('2020-08-19' AS Date), 'minhlinhHM072', 4, CAST('2020-08-21' AS Date), 26.5);
INSERT `orders` (`id`, `address`, `createdate`, `username`, `status_id`, `date_confirm`, `total`) VALUES (110, 'K341/18 Tôn Đức Thắng, P.Hòa Minh, Q.Liên chiểu, TP.Đà Nẵng', CAST('2020-07-05' AS Date), 'nguyenkha220699', 4, CAST('2020-07-07' AS Date), 15600);
INSERT `orders` (`id`, `address`, `createdate`, `username`, `status_id`, `date_confirm`, `total`) VALUES (111, 'K154/8 Đại Hà, TP.Huế', CAST('2020-11-14' AS Date), 'an875037', 4, CAST('2020-11-15' AS Date), 90);
INSERT `orders` (`id`, `address`, `createdate`, `username`, `status_id`, `date_confirm`, `total`) VALUES (113, '441 Võ Nguyên Giáp, Q.13, Phường Hòa Nam, TP.HCM', CAST('2020-02-27' AS Date), 'myHV063', 4, CAST('2020-02-28' AS Date), 90);
INSERT `orders` (`id`, `address`, `createdate`, `username`, `status_id`, `date_confirm`, `total`) VALUES (114, '441 Võ Nguyên Giáp, Q.13, Phường Hòa Nam, TP.HCM', CAST('2020-05-19' AS Date), 'myHV063', 4, CAST('2020-05-20' AS Date), 843);
INSERT `orders` (`id`, `address`, `createdate`, `username`, `status_id`, `date_confirm`, `total`) VALUES (115, '441 Võ Nguyên Giáp, Q.13, Phường Hòa Nam, TP.HCM', CAST('2020-05-29' AS Date), 'myHV063', 4, CAST('2020-05-30' AS Date), 1431.2);
INSERT `orders` (`id`, `address`, `createdate`, `username`, `status_id`, `date_confirm`, `total`) VALUES (116, '123 Đường số 3, Quốc lộ 1A, Phường Phú Mỹ Hưng, TP.HCM', CAST('2020-07-10' AS Date), 'nam542032', 4, CAST('2020-07-11' AS Date), 898);
INSERT `orders` (`id`, `address`, `createdate`, `username`, `status_id`, `date_confirm`, `total`) VALUES (117, '123 Đường số 3, Quốc lộ 1A, Phường Phú Mỹ Hưng, TP.HCM', CAST('2020-07-12' AS Date), 'nam542032', 4, CAST('2020-07-13' AS Date), 995);
INSERT `orders` (`id`, `address`, `createdate`, `username`, `status_id`, `date_confirm`, `total`) VALUES (118, '130 Tô Hiệu, Q.Hải Phòng, TP.Nha Trang', CAST('2019-05-26' AS Date), 'thanhHM033', 4, CAST('2019-05-27' AS Date), 209);
INSERT `orders` (`id`, `address`, `createdate`, `username`, `status_id`, `date_confirm`, `total`) VALUES (119, '130 Tô Hiệu, Q.Hải Phòng, TP.Nha Trang', CAST('2019-08-17' AS Date), 'thanhHM033', 4, CAST('2019-08-18' AS Date), 18.6);
INSERT `orders` (`id`, `address`, `createdate`, `username`, `status_id`, `date_confirm`, `total`) VALUES (120, 'K147/10 Hoàng Thị Loan, Q.liên Chiểu, P.Hòa Minh, TP.Đà Nẵng', CAST('2019-12-16' AS Date), 'an542095', 4, CAST('2019-12-18' AS Date), 5);
INSERT `orders` (`id`, `address`, `createdate`, `username`, `status_id`, `date_confirm`, `total`) VALUES (121, 'K147/10 Hoàng Thị Loan, Q.liên Chiểu, P.Hòa Minh, TP.Đà Nẵng', CAST('2019-10-10' AS Date), 'an542095', 4, CAST('2019-10-11' AS Date), 2413.7);
INSERT `orders` (`id`, `address`, `createdate`, `username`, `status_id`, `date_confirm`, `total`) VALUES (122, 'K05/320 Tôn Đản, Q.Phú nhuận, TP.Cần Thơ', CAST('2019-03-05' AS Date), 'cuong123099', 4, CAST('2019-03-06' AS Date), 6026);
INSERT `orders` (`id`, `address`, `createdate`, `username`, `status_id`, `date_confirm`, `total`) VALUES (123, 'K05/320 Tôn Đản, Q.Phú nhuận, TP.Cần Thơ', CAST('2019-05-18' AS Date), 'cuong123099', 4, CAST('2019-05-19' AS Date), 2053.7);
INSERT `orders` (`id`, `address`, `createdate`, `username`, `status_id`, `date_confirm`, `total`) VALUES (124, 'K05/320 Tôn Đản, Q.Phú nhuận, TP.Cần Thơ', CAST('2019-07-28' AS Date), 'cuong123099', 4, CAST('2019-07-30' AS Date), 3650);
INSERT `orders` (`id`, `address`, `createdate`, `username`, `status_id`, `date_confirm`, `total`) VALUES (126, '441 Võ Nguyên Giáp, Q.13, Phường Hòa Nam, TP.HCM', CAST('2019-12-01' AS Date), 'myHV063', 4, CAST('2019-12-02' AS Date), 9992.5);
INSERT `orders` (`id`, `address`, `createdate`, `username`, `status_id`, `date_confirm`, `total`) VALUES (127, 'K05/320 Tôn Đản, Q.Phú nhuận, TP.Cần Thơ', CAST('2018-03-03' AS Date), 'cuong123099', 4, CAST('2018-03-05' AS Date), 10004.5);
INSERT `orders` (`id`, `address`, `createdate`, `username`, `status_id`, `date_confirm`, `total`) VALUES (128, 'K341/18 Tôn Đức Thắng, P.Hòa Minh, Q.Liên chiểu, TP.Đà Nẵng', CAST('2021-04-12' AS Date), 'nguyenkha220699', 4, CAST('2021-04-13' AS Date), 7156);
ALTER TABLE `orders` MODIFY COLUMN `id` bigint AUTO_INCREMENT NOT NULL;



ALTER TABLE `productdetails` MODIFY COLUMN `id` INT;
INSERT `productdetails` (`id`, `category_detail_id`, `info`, `product_id`) VALUES (1, 'DT_B', '550 ml', 30);
INSERT `productdetails` (`id`, `category_detail_id`, `info`, `product_id`) VALUES (2, 'HD_B', 'Tránh ánh nắng mặt trời, n;n hơn khi uống lạnh và cùng bạn bè
Bảo quản tốt nhất là 20 độ C', 30);
INSERT `productdetails` (`id`, `category_detail_id`, `info`, `product_id`) VALUES (3, 'NDC_B', '31.2% Men cồn lúa mạch', 30);
INSERT `productdetails` (`id`, `category_detail_id`, `info`, `product_id`) VALUES (4, 'TP_B', 'Nước (80-90%), Men bia (1%), Mạch nha (ngũ cốc, pHopt = 5.5 – 5.8, topt = 62 – 650C), Chất làm trong, Hoa bia (Hublong)', 30);
INSERT `productdetails` (`id`, `category_detail_id`, `info`, `product_id`) VALUES (5, 'XX_B', 'Đan mạch', 30);
INSERT `productdetails` (`id`, `category_detail_id`, `info`, `product_id`) VALUES (46, 'NDC_B', 'Từ 6-8%', 31);
INSERT `productdetails` (`id`, `category_detail_id`, `info`, `product_id`) VALUES (47, 'TP_B', 'Lúa mạch, men bia, nước', 31);
INSERT `productdetails` (`id`, `category_detail_id`, `info`, `product_id`) VALUES (48, 'XX_B', 'Hà Nội', 31);
INSERT `productdetails` (`id`, `category_detail_id`, `info`, `product_id`) VALUES (49, 'DT_B', 'Chai 260 ml', 31);
INSERT `productdetails` (`id`, `category_detail_id`, `info`, `product_id`) VALUES (50, 'HD_B', 'Bảo quản nơi khô thoáng, Ngon hơn khi uống lạnh', 31);
INSERT `productdetails` (`id`, `category_detail_id`, `info`, `product_id`) VALUES (51, 'BQ_BD', '8888888', 36);
INSERT `productdetails` (`id`, `category_detail_id`, `info`, `product_id`) VALUES (52, 'TL_BD', '123', 36);
INSERT `productdetails` (`id`, `category_detail_id`, `info`, `product_id`) VALUES (53, 'VL_BD', '123', 36);
INSERT `productdetails` (`id`, `category_detail_id`, `info`, `product_id`) VALUES (54, 'TT_BD', '123', 36);
INSERT `productdetails` (`id`, `category_detail_id`, `info`, `product_id`) VALUES (55, 'ML_BD', '123', 36);
INSERT `productdetails` (`id`, `category_detail_id`, `info`, `product_id`) VALUES (56, 'XX_BD', '123', 36);
INSERT `productdetails` (`id`, `category_detail_id`, `info`, `product_id`) VALUES (57, 'SC_BL', '4kg', 39);
INSERT `productdetails` (`id`, `category_detail_id`, `info`, `product_id`) VALUES (58, 'CL_BL', 'Cotone', 39);
INSERT `productdetails` (`id`, `category_detail_id`, `info`, `product_id`) VALUES (59, 'XX_BL', 'Viet Nam', 39);
INSERT `productdetails` (`id`, `category_detail_id`, `info`, `product_id`) VALUES (60, 'MT_BL', 'Dung thiet bi hoc tap, laptop', 39);
INSERT `productdetails` (`id`, `category_detail_id`, `info`, `product_id`) VALUES (61, 'KT_BL', '1.2m', 39);
INSERT `productdetails` (`id`, `category_detail_id`, `info`, `product_id`) VALUES (62, 'SN_BL', '6', 39);
INSERT `productdetails` (`id`, `category_detail_id`, `info`, `product_id`) VALUES (63, 'NCCRC', 'Chợ Hòa Xuân, Đà Nẵng', 60);
INSERT `productdetails` (`id`, `category_detail_id`, `info`, `product_id`) VALUES (64, 'CD_RC', 'Nấm mỡ có công dụng bổ tỳ, nhuận phế, hóa đàm, tiêu thực.', 60);
INSERT `productdetails` (`id`, `category_detail_id`, `info`, `product_id`) VALUES (65, 'KL_RC', '1 KG', 60);
INSERT `productdetails` (`id`, `category_detail_id`, `info`, `product_id`) VALUES (66, 'TP_B', 'Các thành phần chính trong bia là ngũ cốc, gia vị, men và nước. Lúa mì và lúa mạch là những loại ngũ cốc được sử dụng nhiều nhất trong bia', 33);
INSERT `productdetails` (`id`, `category_detail_id`, `info`, `product_id`) VALUES (67, 'DT_B', '220 ml', 33);
INSERT `productdetails` (`id`, `category_detail_id`, `info`, `product_id`) VALUES (68, 'XX_B', 'Amsterdam, Hà La', 33);
INSERT `productdetails` (`id`, `category_detail_id`, `info`, `product_id`) VALUES (69, 'NDC_B', '0.5 %', 33);
INSERT `productdetails` (`id`, `category_detail_id`, `info`, `product_id`) VALUES (70, 'HD_B', 'Ủ bia tại nhiệt độ tốt nhất là 25 độ C, Ngon hơn khi uống lạnh và bạn bè', 33);
INSERT `productdetails` (`id`, `category_detail_id`, `info`, `product_id`) VALUES (71, 'KT_BL', '123', 40);
INSERT `productdetails` (`id`, `category_detail_id`, `info`, `product_id`) VALUES (72, 'MT_BL', 'Dùng để đựng các thiết bị học tập', 40);
INSERT `productdetails` (`id`, `category_detail_id`, `info`, `product_id`) VALUES (73, 'SN_BL', '6', 40);
INSERT `productdetails` (`id`, `category_detail_id`, `info`, `product_id`) VALUES (74, 'SC_BL', '4KG', 40);
INSERT `productdetails` (`id`, `category_detail_id`, `info`, `product_id`) VALUES (75, 'CL_BL', 'Kaki', 40);
INSERT `productdetails` (`id`, `category_detail_id`, `info`, `product_id`) VALUES (76, 'KL_RC', '1KG', 56);
INSERT `productdetails` (`id`, `category_detail_id`, `info`, `product_id`) VALUES (77, 'NCCRC', 'Cho Benh thanh', 56);
INSERT `productdetails` (`id`, `category_detail_id`, `info`, `product_id`) VALUES (78, 'CD_RC', 'Vitamin A, B', 56);
ALTER TABLE `productdetails` MODIFY COLUMN `id` bigint AUTO_INCREMENT NOT NULL;



ALTER TABLE `products` MODIFY COLUMN `id` INT;
INSERT `products` (`id`, `createdate`, `image`, `name`, `price`, `categoryid`, `number`, `available`, `describe`) VALUES (30, CAST('2022-12-30' AS Date), 'bia1.jpg', 'Bia Laru - Vui cùng miền trung nào', 251.25, 'B', 150, 1, '💁♂- Bia Larue là sự hoà quyện tinh tế mang đậm hương vị đặc trưng của hơn 100 năm truyền thống bia Pháp. 

- Sản phẩm được sản xuất với thành phần tự nhiên, trên dây chuyền công nghệ hiện đại và lên men theo công nghệ truyền thống dài ngày, tạo nên một hương vị n;n và độc đáo khác hẳn với các sản phẩm bia khác trên thị trường. Bia Larue có màu vàng sậm bắt mắt, mùi thơm đặc trưng, hương vị đậm đà, mang lại những trải nghiệm thú vị cho người thưởng thức. 😬😬😬😬😬😬😬😬😬😬

- Sản phẩm với thiết kế kiểu dáng lon nhỏ gọn, vừa tay cầm, tiện lợi khi dùng và dễ dàng bảo quản. Bia Larue thùng 24 lon x 330ml có thể dùng trong những dịp họp mặt bạn bè, cuộc gặp với đối tác kinh doanh hay đơn giản là người bạn thân thiết trong mỗi bữa ăn gia đình. Sản phẩm mang đến không khí vui vẻ trọn vẹn trong mọi cuộc vui.');
INSERT `products` (`id`, `createdate`, `image`, `name`, `price`, `categoryid`, `number`, `available`, `describe`) VALUES (31, CAST('2022-08-19' AS Date), 'bia2.jpg', 'Bia Oranjeboom Premium Strong', 352.12, 'B', 0, 0, '🚌🚌🚌🚌 Mại dô mại dô nào 🏍🏍🏍🏍
Thuộc dòng bia lager đầy sảng khoái, đem đến trải nghiệm khá tuyệt vời cho người uống. Mùi vị của những lon bia Oranjeboom này được đánh giá là điểm nhấn đầy hấp dẫn và thú vị với người dùng.
Bia hấp dẫn, với vị bia thanh mát được làm chủ yếu từ lúa mạch – hoa bia – malt cháy và nước tinh khiết. Vị bia thơm n;n, đầy thu hút và ấn tượng, đem đến điểm nhấn lôi cuốn người dùng.
Và đặc biệt hơn, với độ cồn 16% sẽ chinh phục những quý ông yêu thích khám phá các loại bia nặng độ. Oranjeboom khá thú vị, mang đến trải nghiệm tuyệt vời hơn hẳn.
🤨🤨🤨🤗🤗🤗🤓🤓🤓🤓🤓🤓🍎🍏🍐🍊🥝🌰🍳

');
INSERT `products` (`id`, `createdate`, `image`, `name`, `price`, `categoryid`, `number`, `available`, `describe`) VALUES (32, CAST('2022-08-13' AS Date), 'bia3.jpg', 'Bia X-Mark Tequila 5,9% – Lon 500ml – Thùng 12 lo', 130.22, 'B', 55, 1, NULL);
INSERT `products` (`id`, `createdate`, `image`, `name`, `price`, `categoryid`, `number`, `available`, `describe`) VALUES (33, CAST('2022-12-29' AS Date), 'bia4.jpg', 'Bia Heineken Pháp 5% – Chai 250ml – Thùng 20 chai', 265.3, 'B', 66, 1, 'Heineken Lager hay bia Heineken, là một loại bia nhạt với nồng độ cồn 5% và có nguồn gốc từ công ty sản xuất bia ở Amsterdam, Hà Lan, do Gerard Adriaan Heineken thành lập vào năm 1864. Đến 2012, Heineken đã sở hữu gần 190 nhà máy sản xuất bia ở hơn 70 đất nước khác nhau và hiện là thương hiệu sản xuất bia lớn thứ 3 thế giới.

Năm 1990, nhà máy HEINEKEN Việt Nam, trực thuộc tập đoàn HEINEKEN ở Hà Lan được thành lập. Tính đến nay, HEINEKEN Việt Nam đã và đang điều hành 6 nhà máy ở Hà Nội, Quảng Nam, Đà Nẵng, Vũng Tàu, thành phố Hồ Chí Minh, Tiền Giang và được xếp làm nhà sản xuất bia lớn thứ 2 trong nước.

Với công nghệ tiên tiến hiện đại cùng công thức sản xuất bia độc quyền, HEINEKEN Việt Nam ngày càng chiếm trọn tình cảm người tiêu dùng bởi sự đa dạng, phong phú nhiều loại sản phẩm khác nhau. Đồng thời nhờ sự phổ biến của sản phẩm, HEINEKEN Việt Nam hằng năm đều đóng góp gần 0,9% GDP cho nền kinh tế đất nước.
🍊🌰🥝🍐🍏🍎🍳🚌🌰🍐🍎🍏
Nhờ nguồn nguyên liệu thiên nhiên, tinh khiết được nhập khẩu từ châu Âu, đồng thời quá trình ủ bia có sử dụng loại men Heineken A-Yeast độc quyền, giúp mỗi ly bia khi được thưởng thức đều sẽ mang màu vàng óng đẹp mắt, mùi thơm lúa mạch dịu nhẹ và hương vị độc đáo, hơi chua chua, ngọt ngọt cũng như vô cùng sảng khoái.

Bên cạnh đó, bia Heineken còn gây được sự ấn tượng với thị trường tiêu thụ bởi việc không ngừng đa dạng hóa các dòng sản phẩm khác nhau, cụ thể gần đây nhất chính là sự cho ra đời của bia Heineken 0.0% nồng độ cồn, giúp phù hợp với nhiều độ tuổi, giới tính hơn và đảm bảo về vấn đề sức khỏe.


');
INSERT `products` (`id`, `createdate`, `image`, `name`, `price`, `categoryid`, `number`, `available`, `describe`) VALUES (34, CAST('2022-12-28' AS Date), 'bongden1.jpg', 'Đèn Ngủ Gắn Tường Gỗ Cao Cấp', 125, 'BD', 5, 1, NULL);
INSERT `products` (`id`, `createdate`, `image`, `name`, `price`, `categoryid`, `number`, `available`, `describe`) VALUES (35, CAST('2022-12-28' AS Date), 'bongden2.jpg', 'Đèn Tường Da Dê Đẹp Treo Phòng Ngủ Giá Rẻ', 251.2, 'BD', 0, 0, NULL);
INSERT `products` (`id`, `createdate`, `image`, `name`, `price`, `categoryid`, `number`, `available`, `describe`) VALUES (36, CAST('2022-12-28' AS Date), 'bongden3.jpg', 'Đèn Vách Dù Đẹp AV280', 21.2, 'BD', 8, 1, NULL);
INSERT `products` (`id`, `createdate`, `image`, `name`, `price`, `categoryid`, `number`, `available`, `describe`) VALUES (37, CAST('2022-08-10' AS Date), 'bongden4.jpg', 'Đèn Ngủ Gắn Tường Gỗ Cao Cấp', 54.25, 'BD', 9, 1, NULL);
INSERT `products` (`id`, `createdate`, `image`, `name`, `price`, `categoryid`, `number`, `available`, `describe`) VALUES (38, CAST('2022-12-27' AS Date), 'balo1.jpg', 'Balo Mikkor The Kalino M Light Grey', 220, 'BL', 30, 1, NULL);
INSERT `products` (`id`, `createdate`, `image`, `name`, `price`, `categoryid`, `number`, `available`, `describe`) VALUES (39, CAST('2022-12-27' AS Date), 'balo2.jpg', 'Balo Herschel Classic Mini XS Paint Pour Black', 356.25, 'BL', 36, 1, NULL);
INSERT `products` (`id`, `createdate`, `image`, `name`, `price`, `categoryid`, `number`, `available`, `describe`) VALUES (40, CAST('2022-12-26' AS Date), 'balo3.jpg', 'Balo Herschel Retreat Standard 15" Backpack M Navy', 365, 'BL', 11, 1, NULL);
INSERT `products` (`id`, `createdate`, `image`, `name`, `price`, `categoryid`, `number`, `available`, `describe`) VALUES (41, CAST('2022-12-20' AS Date), 'bia5.jpg', 'Bia Chimay đỏ 7% – Chai 330ml – Thùng 12 chai', 223.21, 'B', 7, 1, NULL);
INSERT `products` (`id`, `createdate`, `image`, `name`, `price`, `categoryid`, `number`, `available`, `describe`) VALUES (42, CAST('2022-11-11' AS Date), 'dienthoai1.jpg', 'Apple-iphone7-special', 854.2, 'DT', 80, 0, NULL);
INSERT `products` (`id`, `createdate`, `image`, `name`, `price`, `categoryid`, `number`, `available`, `describe`) VALUES (43, CAST('2020-12-20' AS Date), 'dienthoai2.jpg', 'Apple-iphone8-special-black', 999.25, 'DT', 14, 1, NULL);
INSERT `products` (`id`, `createdate`, `image`, `name`, `price`, `categoryid`, `number`, `available`, `describe`) VALUES (44, CAST('2021-05-06' AS Date), 'dienthoai3.jpg', 'Huawei-mate x7 dung lượng 8GB', 142.36, 'DT', 56, 1, NULL);
INSERT `products` (`id`, `createdate`, `image`, `name`, `price`, `categoryid`, `number`, `available`, `describe`) VALUES (45, CAST('2021-07-25' AS Date), 'dienthoai4.jpg', 'Samsung-galaxy 7 dung lượng 4GB', 152.14, 'DT', 60, 1, NULL);
INSERT `products` (`id`, `createdate`, `image`, `name`, `price`, `categoryid`, `number`, `available`, `describe`) VALUES (46, CAST('2021-10-22' AS Date), 'dienthoai5.jpg', 'Điện thoại LG G6 Version 10 4GB lưu trữ', 123.26, 'DT', 29, 1, NULL);
INSERT `products` (`id`, `createdate`, `image`, `name`, `price`, `categoryid`, `number`, `available`, `describe`) VALUES (47, CAST('2020-11-19' AS Date), 'laptop1.jpg', 'Laptop maxbook mini 251x274', 1205.2, 'LT', 5, 1, NULL);
INSERT `products` (`id`, `createdate`, `image`, `name`, `price`, `categoryid`, `number`, `available`, `describe`) VALUES (48, CAST('2021-07-07' AS Date), 'laptop2.jpg', 'Laptop I7 Lobomx 570', 1425.7, 'LT', 6, 1, NULL);
INSERT `products` (`id`, `createdate`, `image`, `name`, `price`, `categoryid`, `number`, `available`, `describe`) VALUES (49, CAST('2021-07-12' AS Date), 'laptop3.jpg', 'Laptop MSI Modern 14 B11MOU', 1255, 'LT', 2, 1, NULL);
INSERT `products` (`id`, `createdate`, `image`, `name`, `price`, `categoryid`, `number`, `available`, `describe`) VALUES (50, CAST('2020-12-05' AS Date), 'balo4.jpg', 'Balo da nam chống nước Baodidaishu Aolang A3004', 147, 'BL', 22, 1, NULL);
INSERT `products` (`id`, `createdate`, `image`, `name`, `price`, `categoryid`, `number`, `available`, `describe`) VALUES (51, CAST('2022-08-27' AS Date), 'camera2.jpg', 'Camera IP wifi Ezviz CS-C6N 1080P 2MP', 258.6, 'CMR', 0, 0, NULL);
INSERT `products` (`id`, `createdate`, `image`, `name`, `price`, `categoryid`, `number`, `available`, `describe`) VALUES (52, CAST('2022-08-17' AS Date), 'raucu5.jpg', 'Cà chua beef hữu cơ - 500g - `Chỉ Giao HCM`', 1.55, 'RC', 100, 1, NULL);
INSERT `products` (`id`, `createdate`, `image`, `name`, `price`, `categoryid`, `number`, `available`, `describe`) VALUES (53, CAST('2022-06-13' AS Date), 'raucu4.jpg', 'Bí đỏ hữu cơ - 1kg - `Chỉ Giao HCM`', 0.25, 'RC', 80, 1, NULL);
INSERT `products` (`id`, `createdate`, `image`, `name`, `price`, `categoryid`, `number`, `available`, `describe`) VALUES (54, CAST('2022-08-25' AS Date), 'raucu3.jpg', 'Cải xoăn (Kale) hữu cơ - 500g - `Chỉ Giao HCM`', 1, 'RC', 60, 1, NULL);
INSERT `products` (`id`, `createdate`, `image`, `name`, `price`, `categoryid`, `number`, `available`, `describe`) VALUES (55, CAST('2022-08-22' AS Date), 'raucu2.jpg', 'Cải ngồng hữu cơ - 250g - `Chỉ Giao HCM`', 1.2, 'RC', 0, 0, NULL);
INSERT `products` (`id`, `createdate`, `image`, `name`, `price`, `categoryid`, `number`, `available`, `describe`) VALUES (56, CAST('2022-10-10' AS Date), 'raucu1.jpg', 'Rau dền hữu cơ - 300g - `Chỉ Giao HCM`', 1.2, 'RC', 25, 1, NULL);
INSERT `products` (`id`, `createdate`, `image`, `name`, `price`, `categoryid`, `number`, `available`, `describe`) VALUES (57, CAST('2022-10-12' AS Date), 'raucu6.jpg', '
Tỏi Ninh thuận 200G - `Chỉ Giao HCM`', 0.25, 'RC', 0, 0, NULL);
INSERT `products` (`id`, `createdate`, `image`, `name`, `price`, `categoryid`, `number`, `available`, `describe`) VALUES (58, CAST('2022-12-30' AS Date), 'raucu7.jpg', 'Cà rốt - 400g - `Chỉ Giao HCM`', 1.4, 'RC', 10, 1, NULL);
INSERT `products` (`id`, `createdate`, `image`, `name`, `price`, `categoryid`, `number`, `available`, `describe`) VALUES (59, CAST('2022-12-30' AS Date), 'raucu8.jpg', 'Bông cải xanh - 500g - `Chỉ Giao HCM`', 2.2, 'RC', 78, 1, NULL);
INSERT `products` (`id`, `createdate`, `image`, `name`, `price`, `categoryid`, `number`, `available`, `describe`) VALUES (60, CAST('2022-12-28' AS Date), 'raucu9.jpg', 'Nấm Mỡ Trắng Rica (Khay 200G) - `Chỉ Giao HCM`', 2.25, 'RC', 0, 0, '☘☘☘☘ Đây là thực phẩm thích hợp cho những người chán ăn, mệt mỏi do tỳ vị hư yếu, sản phụ thiếu sữa, người viêm phế quản mạn, viêm gan mạn và mắc hội chứng suy giảm bạch cầu. 🍀🍀🍀🍀🍀🍀🍀🍀🍀🍂🍂🍂
Theo sách Bản thảo cương mục, nấm mỡ có tác dụng ích tràng vị, hóa đàm, lý khí. 
');
INSERT `products` (`id`, `createdate`, `image`, `name`, `price`, `categoryid`, `number`, `available`, `describe`) VALUES (61, CAST('2021-08-19' AS Date), 'camera1.jpg', 'Camera ;Pro 251PX', 421.2, 'CMR', 14, 1, NULL);
INSERT `products` (`id`, `createdate`, `image`, `name`, `price`, `categoryid`, `number`, `available`, `describe`) VALUES (62, CAST('2022-09-08' AS Date), 'bia6.jpg', 'Thùng 24 lon bia SAI;N SPECIAL - 330ml - Mới
', 357, 'B', 14, 1, NULL);
INSERT `products` (`id`, `createdate`, `image`, `name`, `price`, `categoryid`, `number`, `available`, `describe`) VALUES (64, CAST('2022-08-10' AS Date), 'bia7.jpg
', 'Thùng 24 lon bia lúa mì Tiger Platinum Wheat Lager', 9, 'B', 24, 1, NULL);
INSERT `products` (`id`, `createdate`, `image`, `name`, `price`, `categoryid`, `number`, `available`, `describe`) VALUES (65, CAST('2022-08-09' AS Date), 'bia8.jpg
', 'Thùng 24 Lon Bia Sài Gòn Chill 330ml
 / Lo', 382, 'B', 19, 1, NULL);
INSERT `products` (`id`, `createdate`, `image`, `name`, `price`, `categoryid`, `number`, `available`, `describe`) VALUES (66, CAST('2022-09-08' AS Date), 'bia9.jpg', 'Thùng Bia Tiger Xanh có 24 Lon (330ml / Lon)
', 356, 'B', 33, 1, NULL);
INSERT `products` (`id`, `createdate`, `image`, `name`, `price`, `categoryid`, `number`, `available`, `describe`) VALUES (67, CAST('2022-08-09' AS Date), 'bia10.jpg', 'Thùng 24 lon Bia Tuyết - Edelweiss 330ml/lon
', 399.2, 'B', 20, 1, NULL);
INSERT `products` (`id`, `createdate`, `image`, `name`, `price`, `categoryid`, `number`, `available`, `describe`) VALUES (68, CAST('2022-08-10' AS Date), 'bia11.jpg', 'Thùng 24 Lon Bia Sài Gòn Lager Xanh 330ml
 / Lo', 27, 'B', 23, 1, NULL);
INSERT `products` (`id`, `createdate`, `image`, `name`, `price`, `categoryid`, `number`, `available`, `describe`) VALUES (69, CAST('2022-02-23' AS Date), 'bia12.jpg', 'Lốc 4 lon Bia Tuyết - Edelweiss 330ml/lon
', 78, 'B', 23, 1, NULL);
INSERT `products` (`id`, `createdate`, `image`, `name`, `price`, `categoryid`, `number`, `available`, `describe`) VALUES (70, CAST('2022-08-07' AS Date), 'bia13.jpg', 'Thùng 24 Lon Bia 333 330ml
 / Lo', 281, 'B', 23, 1, NULL);
INSERT `products` (`id`, `createdate`, `image`, `name`, `price`, `categoryid`, `number`, `available`, `describe`) VALUES (71, CAST('2022-08-08' AS Date), 'bongden5.jpg', 'Đèn Led Trang Trí Bóng Tròn 3M - 20 Bóng Trang Trí', 22, 'BD', 700, 1, NULL);
INSERT `products` (`id`, `createdate`, `image`, `name`, `price`, `categoryid`, `number`, `available`, `describe`) VALUES (72, CAST('2022-08-04' AS Date), 'bongden6.jpg', 'sét 10 bóng Đèn Led 3w Ánh Sáng Trắng
', 4, 'BD', 520, 1, NULL);
INSERT `products` (`id`, `createdate`, `image`, `name`, `price`, `categoryid`, `number`, `available`, `describe`) VALUES (73, CAST('2022-05-12' AS Date), 'bongden7.jpg
', 'Bóng Đèn Led Bulb E27 Đổi Màu RGB Kèm Remote
', 15, 'BD', 557, 1, NULL);
INSERT `products` (`id`, `createdate`, `image`, `name`, `price`, `categoryid`, `number`, `available`, `describe`) VALUES (74, CAST('2022-06-16' AS Date), 'bongden8.jpg
', 'Bóng Tròn 3W/ 5W / VÀNG/ LẮP ĐUI ĐÈN TRANG TRÍ
', 8, 'BD', 120, 1, NULL);
INSERT `products` (`id`, `createdate`, `image`, `name`, `price`, `categoryid`, `number`, `available`, `describe`) VALUES (75, CAST('2022-08-08' AS Date), 'bongden9.jpg', 'Bóng đèn LED BULB Trụ
', 5, 'BD', 222, 1, NULL);
INSERT `products` (`id`, `createdate`, `image`, `name`, `price`, `categoryid`, `number`, `available`, `describe`) VALUES (76, CAST('2021-05-16' AS Date), 'bongden10.jpg', 'Bóng đèn LED ECO STICK E27 OSRAM
', 9, 'BD', 74, 1, NULL);
INSERT `products` (`id`, `createdate`, `image`, `name`, `price`, `categoryid`, `number`, `available`, `describe`) VALUES (77, CAST('2022-08-06' AS Date), 'bongden11.jpg', 'Bóng Đèn Thông Minh TP-Link Tapo L530E Đa Sắc', 10, 'BD', 56, 1, NULL);
INSERT `products` (`id`, `createdate`, `image`, `name`, `price`, `categoryid`, `number`, `available`, `describe`) VALUES (78, CAST('2022-08-08' AS Date), 'bongden12.jpg', 'Bóng đèn led cảm biến 9W Rạng Đông, Model A60/9w', 11, 'BD', 56, 1, NULL);
INSERT `products` (`id`, `createdate`, `image`, `name`, `price`, `categoryid`, `number`, `available`, `describe`) VALUES (82, CAST('2022-06-23' AS Date), 'balo5.jpg', 'Balo da nữ thời trang hàn quốc, tặng móc khóa gấu', 71, 'BL', 41, 1, NULL);
INSERT `products` (`id`, `createdate`, `image`, `name`, `price`, `categoryid`, `number`, `available`, `describe`) VALUES (84, CAST('2021-04-10' AS Date), 'balo6.jpg', 'Balo nam thông minh đa năng cao cấp chống trộm', 69, 'BL', 42, 1, NULL);
INSERT `products` (`id`, `createdate`, `image`, `name`, `price`, `categoryid`, `number`, `available`, `describe`) VALUES (85, CAST('2022-08-10' AS Date), 'balo7.jpg', 'Balo Nữ Sinh Đi Học Phong Cách Hàn Quốc G1260
', 145, 'BL', 44, 1, NULL);
INSERT `products` (`id`, `createdate`, `image`, `name`, `price`, `categoryid`, `number`, `available`, `describe`) VALUES (86, CAST('2022-06-17' AS Date), 'balo8.jpg
', 'Balo da nam chống nước Baodidaishu Aolang Grey A30', 549, 'BL', 10, 1, NULL);
INSERT `products` (`id`, `createdate`, `image`, `name`, `price`, `categoryid`, `number`, `available`, `describe`) VALUES (88, CAST('2022-07-23' AS Date), 'balo9.jpg', 'Balo mini chống nước Haoshuai Aolang Green Xanh', 229, 'BL', 15, 1, NULL);
INSERT `products` (`id`, `createdate`, `image`, `name`, `price`, `categoryid`, `number`, `available`, `describe`) VALUES (89, CAST('2022-06-25' AS Date), 'balo10.jpg', 'Bộ ba lô thời trang 5 món học sinh
', 78, 'BL', 11, 1, NULL);
INSERT `products` (`id`, `createdate`, `image`, `name`, `price`, `categoryid`, `number`, `available`, `describe`) VALUES (90, CAST('2018-09-28' AS Date), 'balo11.jpg', 'Balo nữ thời trang chống nước và chống trộm
', 129, 'BL', 19, 1, NULL);
INSERT `products` (`id`, `createdate`, `image`, `name`, `price`, `categoryid`, `number`, `available`, `describe`) VALUES (92, CAST('2022-08-09' AS Date), 'balo12.jpg', 'Balo Unisex balo đi học laptop sinh viên ulzzang', 255, 'BL', 39, 1, NULL);
INSERT `products` (`id`, `createdate`, `image`, `name`, `price`, `categoryid`, `number`, `available`, `describe`) VALUES (93, CAST('2022-08-08' AS Date), 'dau;i1.jpg
', 'Dầu Gội Dove Phục Hồi Hư Tổn 880gr
', 146, 'DG', 100, 1, NULL);
INSERT `products` (`id`, `createdate`, `image`, `name`, `price`, `categoryid`, `number`, `available`, `describe`) VALUES (94, CAST('2019-05-29' AS Date), 'dau;i2.jpg
', 'Combo 2 Dầu Gội HEAD & SHOULDERS Bạc Hà', 258, 'DG', 140, 1, NULL);
INSERT `products` (`id`, `createdate`, `image`, `name`, `price`, `categoryid`, `number`, `available`, `describe`) VALUES (95, CAST('2022-08-01' AS Date), 'dau;i3.jpg
', 'Dầu gội Dược liệu Nguyên Xuân dưỡng tóc 450ml
', 120, 'DG', 20, 1, NULL);
INSERT `products` (`id`, `createdate`, `image`, `name`, `price`, `categoryid`, `number`, `available`, `describe`) VALUES (96, CAST('2022-08-09' AS Date), 'dau;i4.jpg
', 'Dầu gội xả 2in1 Palmolive thiên nhiên 600ml
', 115, 'DG', 21, 1, NULL);
INSERT `products` (`id`, `createdate`, `image`, `name`, `price`, `categoryid`, `number`, `available`, `describe`) VALUES (98, CAST('2022-08-07' AS Date), 'dau;i5.jpg
', 'Dầu ngăn rụng tóc Megumi Hair Fall Control Sham', 159, 'DG', 22, 1, NULL);
INSERT `products` (`id`, `createdate`, `image`, `name`, `price`, `categoryid`, `number`, `available`, `describe`) VALUES (99, CAST('2022-08-24' AS Date), 'dau;i6.jpg
', 'Dầu gội chăm sóc tóc Bưởi MILAGANICS
', 25, 'DG', 22, 1, NULL);
INSERT `products` (`id`, `createdate`, `image`, `name`, `price`, `categoryid`, `number`, `available`, `describe`) VALUES (100, CAST('2022-08-11' AS Date), 'dau;i7.jpg
', 'Dove Phục Hồi Hư Tổn Dầu Gội 640g + Kem Xả 610g
', 216, 'DG', 58, 1, NULL);
INSERT `products` (`id`, `createdate`, `image`, `name`, `price`, `categoryid`, `number`, `available`, `describe`) VALUES (101, CAST('2021-09-15' AS Date), 'dau;i8.jpg
', 'Dầu Gội REJOICE Chai Dung Tích 650ml/900ml/1.8L
', 247, 'DG', 69, 1, NULL);
INSERT `products` (`id`, `createdate`, `image`, `name`, `price`, `categoryid`, `number`, `available`, `describe`) VALUES (102, CAST('2020-12-01' AS Date), 'dongho1.jpg
', 'Đồng Hồ Nam Dây Da Yazole 332 (45mm) - Đen
', 69, 'DH', 5, 1, NULL);
INSERT `products` (`id`, `createdate`, `image`, `name`, `price`, `categoryid`, `number`, `available`, `describe`) VALUES (103, CAST('2021-05-07' AS Date), 'dongho2.jpg
', 'Đồng hồ nam chính hãng Lobinni No.3603
', 68, 'DH', 6, 1, NULL);
INSERT `products` (`id`, `createdate`, `image`, `name`, `price`, `categoryid`, `number`, `available`, `describe`) VALUES (104, CAST('2022-08-05' AS Date), 'dongho3.jpg
', 'Đồng hồ nam chính hãng Teintop T7015-1
', 25, 'DH', 10, 1, NULL);
INSERT `products` (`id`, `createdate`, `image`, `name`, `price`, `categoryid`, `number`, `available`, `describe`) VALUES (105, CAST('2022-06-29' AS Date), 'dongho4.jpg
', 'Đồng hồ nam nữ thông minh giá rẻ VATANE DH16
', 988, 'DH', 3, 1, NULL);
INSERT `products` (`id`, `createdate`, `image`, `name`, `price`, `categoryid`, `number`, `available`, `describe`) VALUES (106, CAST('2022-08-08' AS Date), 'dongho5.jpg
', 'Đồng Hồ Casio Nam General MTP-E320D-9EVDF
', 6, 'DH', 4, 1, NULL);
INSERT `products` (`id`, `createdate`, `image`, `name`, `price`, `categoryid`, `number`, `available`, `describe`) VALUES (107, CAST('2019-08-01' AS Date), 'dongho6.jpg
', 'Đồng hồ nam dây da Casio MTP-V004L-7AUDF
', 535, 'DH', 2, 1, NULL);
INSERT `products` (`id`, `createdate`, `image`, `name`, `price`, `categoryid`, `number`, `available`, `describe`) VALUES (108, CAST('2021-01-24' AS Date), 'dongho7.jpg
', 'Đồng Hồ Treo Tường Kim Trôi Cao Cấp HONO
', 125, 'DH', 4, 1, NULL);
INSERT `products` (`id`, `createdate`, `image`, `name`, `price`, `categoryid`, `number`, `available`, `describe`) VALUES (109, CAST('2022-05-01' AS Date), 'dongho8.jpg
', 'Đồng hồ đeo tay Hakiko nam nữ cực đẹp DH44
', 999, 'DH', 10, 1, NULL);
INSERT `products` (`id`, `createdate`, `image`, `name`, `price`, `categoryid`, `number`, `available`, `describe`) VALUES (110, CAST('2022-07-19' AS Date), 'camera3.jpg
', 'Camera Quan Sát Siêu Nhỏ SQ11 - Hàng Nhập', 525, 'CMR', 15, 1, NULL);
INSERT `products` (`id`, `createdate`, `image`, `name`, `price`, `categoryid`, `number`, `available`, `describe`) VALUES (111, CAST('2021-09-12' AS Date), 'camera4.jpg
', 'Camera năng lượng mặt trời thông minh
', 1431.2, 'CMR', 4, 1, NULL);
INSERT `products` (`id`, `createdate`, `image`, `name`, `price`, `categoryid`, `number`, `available`, `describe`) VALUES (113, CAST('2022-06-01' AS Date), 'camera5.jpg
', 'Camera wifi mini không dây HD 1080P chống trộm
', 898, 'CMR', 10, 1, NULL);
INSERT `products` (`id`, `createdate`, `image`, `name`, `price`, `categoryid`, `number`, `available`, `describe`) VALUES (114, CAST('2022-08-07' AS Date), 'camera6.jpg
', 'Camera Dahua IP Wifi Imou IPC-C22EP-imou
', 995, 'CMR', 12, 1, NULL);
INSERT `products` (`id`, `createdate`, `image`, `name`, `price`, `categoryid`, `number`, `available`, `describe`) VALUES (115, CAST('2021-03-29' AS Date), 'camera7.jpg
', 'Camera mini Wifi Góc Rộng HD V380 E06
', 37, 'CMR', 25, 1, NULL);
INSERT `products` (`id`, `createdate`, `image`, `name`, `price`, `categoryid`, `number`, `available`, `describe`) VALUES (116, CAST('2022-07-22' AS Date), 'camera8.jpg
', 'Camera giám sát toàn cảnh 360 độ EC11-P12
', 389, 'CMR', 36, 1, NULL);
INSERT `products` (`id`, `createdate`, `image`, `name`, `price`, `categoryid`, `number`, `available`, `describe`) VALUES (118, CAST('2021-05-18' AS Date), 'camera9.jpg
', 'Camera Wifi TP-Link Tapo C310 An Ninh N;ài Trời', 83, 'CMR', 45, 1, NULL);
INSERT `products` (`id`, `createdate`, `image`, `name`, `price`, `categoryid`, `number`, `available`, `describe`) VALUES (119, CAST('2019-11-12' AS Date), 'camera10.jpg', 'Camera IP Wifi Trong Nhà EZVIZ C6N 1080p', 479.25, 'CMR', 55, 1, NULL);
INSERT `products` (`id`, `createdate`, `image`, `name`, `price`, `categoryid`, `number`, `available`, `describe`) VALUES (120, CAST('2022-08-04' AS Date), 'denngu1.jpg
', 'Đèn ngủ 3W
', 4, 'D', 10, 1, NULL);
INSERT `products` (`id`, `createdate`, `image`, `name`, `price`, `categoryid`, `number`, `available`, `describe`) VALUES (121, CAST('2020-04-02' AS Date), 'denngu2.jpg
', 'Đèn ngủ hình nấm công nghệ đèn led
', 297, 'D', 15, 1, NULL);
INSERT `products` (`id`, `createdate`, `image`, `name`, `price`, `categoryid`, `number`, `available`, `describe`) VALUES (122, CAST('2022-08-21' AS Date), 'denngu3.jpg
', 'Đèn ngủ cảm biến ban đêm Mijia MJYD04YL', 14, 'D', 25, 1, NULL);
INSERT `products` (`id`, `createdate`, `image`, `name`, `price`, `categoryid`, `number`, `available`, `describe`) VALUES (123, CAST('2022-08-05' AS Date), 'denngu4.jpg
', 'Đèn Ngủ Cảm Ứng Hình Quả Trứng
', 875, 'D', 17, 1, NULL);
INSERT `products` (`id`, `createdate`, `image`, `name`, `price`, `categoryid`, `number`, `available`, `describe`) VALUES (124, CAST('2022-06-21' AS Date), 'denngu5.jpg
', 'Combo 2 Đèn Ngủ Cảm Biến Ánh Sáng
', 44, 'D', 89, 1, NULL);
INSERT `products` (`id`, `createdate`, `image`, `name`, `price`, `categoryid`, `number`, `available`, `describe`) VALUES (125, CAST('2022-08-22' AS Date), 'denngu6.jpg
', 'Đèn Led Phòng Ngủ 3D
', 149, 'D', 5, 1, NULL);
INSERT `products` (`id`, `createdate`, `image`, `name`, `price`, `categoryid`, `number`, `available`, `describe`) VALUES (126, CAST('2022-05-12' AS Date), 'denngu7.jpg
', 'Đèn ngủ hình cây- đèn ngủ để bàn - đèn trang trí', 9, 'D', 14, 1, NULL);
INSERT `products` (`id`, `createdate`, `image`, `name`, `price`, `categoryid`, `number`, `available`, `describe`) VALUES (127, CAST('2022-07-08' AS Date), 'giaydep1.jpg
', 'Giày Sneaker thể thao nam - Nâng chiều cao
', 179, 'GD', 50, 1, NULL);
INSERT `products` (`id`, `createdate`, `image`, `name`, `price`, `categoryid`, `number`, `available`, `describe`) VALUES (128, CAST('2022-08-08' AS Date), 'giaydep2.jpg
', 'Dép quai ngang cao su đúc siêu bền nam nữ
', 5, 'GD', 48, 1, NULL);
INSERT `products` (`id`, `createdate`, `image`, `name`, `price`, `categoryid`, `number`, `available`, `describe`) VALUES (129, CAST('2021-03-29' AS Date), 'giaydep3.jpg
', 'Giày thời trang thể thao nam Rozalo R6815
', 129, 'GD', 95, 1, NULL);
INSERT `products` (`id`, `createdate`, `image`, `name`, `price`, `categoryid`, `number`, `available`, `describe`) VALUES (130, CAST('2022-08-06' AS Date), 'giaydep4.jpg
', 'Dép nữ DUWA TNT001S - Quai ngang đế bánh mì', 66, 'GD', 70, 1, NULL);
INSERT `products` (`id`, `createdate`, `image`, `name`, `price`, `categoryid`, `number`, `available`, `describe`) VALUES (131, CAST('2022-07-03' AS Date), 'giaydep5.jpg
', 'Giày sneaker nam phong cách thể thao 212
', 45, 'GD', 10, 1, NULL);
INSERT `products` (`id`, `createdate`, `image`, `name`, `price`, `categoryid`, `number`, `available`, `describe`) VALUES (132, CAST('2021-12-16' AS Date), 'giaydep6.jpg
', 'Dép đúc Thái Lan nữ siêu nhẹ
', 33, 'GD', 0, 0, NULL);
INSERT `products` (`id`, `createdate`, `image`, `name`, `price`, `categoryid`, `number`, `available`, `describe`) VALUES (133, CAST('2022-03-23' AS Date), 'giaydep7.jpg
', 'Giày sneakers nam Elite Flex Prime 232212-LGBK
', 19, 'GD', 2, 1, NULL);
INSERT `products` (`id`, `createdate`, `image`, `name`, `price`, `categoryid`, `number`, `available`, `describe`) VALUES (134, CAST('2022-08-05' AS Date), 'giaydep8.jpg
', 'Dép bánh mỳ quai bèo nhún gắn tickets
', 89, 'GD', 5, 1, NULL);
INSERT `products` (`id`, `createdate`, `image`, `name`, `price`, `categoryid`, `number`, `available`, `describe`) VALUES (135, CAST('2022-08-07' AS Date), 'giavi2.jpg', 'Chai nước gia vị cô đặc MAGGI 350g
', 27, 'GV', 15, 1, NULL);
INSERT `products` (`id`, `createdate`, `image`, `name`, `price`, `categoryid`, `number`, `available`, `describe`) VALUES (136, CAST('2020-04-03' AS Date), 'giavi3.jpg', 'Gia vị thịt nướng Toàn Gia 500g/gói
', 149, 'GV', 20, 1, NULL);
INSERT `products` (`id`, `createdate`, `image`, `name`, `price`, `categoryid`, `number`, `available`, `describe`) VALUES (138, CAST('2021-08-05' AS Date), 'giavi4.jpg', 'Combo 5 gói Natural Gia vị Ướp Thịt Nướng', 42, 'GV', 55, 1, NULL);
INSERT `products` (`id`, `createdate`, `image`, `name`, `price`, `categoryid`, `number`, `available`, `describe`) VALUES (139, CAST('2022-08-07' AS Date), 'giavi5.jpg', 'Combo 5 Gói Gia Vị Nấu Phở Vipep - Gia Vị Nấu Phở', 55, 'GV', 1, 1, NULL);
INSERT `products` (`id`, `createdate`, `image`, `name`, `price`, `categoryid`, `number`, `available`, `describe`) VALUES (140, CAST('2022-08-10' AS Date), 'giavi6.jpg', 'Combo 5 gói Natural Gia vị Ướp Thịt Mắc Mật', 42, 'GV', 2, 1, NULL);
INSERT `products` (`id`, `createdate`, `image`, `name`, `price`, `categoryid`, `number`, `available`, `describe`) VALUES (141, CAST('2022-03-10' AS Date), 'quanaonu1.jpg
', 'SET ÁO & CHAN VÁY THỦY THỦ THỜI TRANG NỮ', 13, 'QAF', 50, 1, NULL);
INSERT `products` (`id`, `createdate`, `image`, `name`, `price`, `categoryid`, `number`, `available`, `describe`) VALUES (146, CAST('2022-11-20' AS Date), 'aonam2.jpg', 'Áo thun nam viền đen trắng', 3, 'QAM', 100, 1, NULL);
INSERT `products` (`id`, `createdate`, `image`, `name`, `price`, `categoryid`, `number`, `available`, `describe`) VALUES (147, CAST('2022-12-06' AS Date), 'aopolo.jpg', 'Áo Polo Dry-EX Ngắn Tay', 25, 'QAM', 100, 1, NULL);
INSERT `products` (`id`, `createdate`, `image`, `name`, `price`, `categoryid`, `number`, `available`, `describe`) VALUES (150, CAST('2022-12-21' AS Date), 'hopnhua1.jpg', 'Bộ 3 Hộp Nhựa Đựng Thực Phẩm Song Long Plastic', 2.5, 'H', 120, 1, NULL);
INSERT `products` (`id`, `createdate`, `image`, `name`, `price`, `categoryid`, `number`, `available`, `describe`) VALUES (151, CAST('2022-12-21' AS Date), 'hopnhua2.jpg', 'Hộp bảo quản thực phẩm bằng nhựa Song Long', 6.2, 'H', 230, 1, NULL);
ALTER TABLE `products` MODIFY COLUMN `id` int AUTO_INCREMENT NOT NULL;



INSERT `roles` (`id`, `name`, `level`) VALUES ('ADMIN', 'Administrators Global', NULL);
INSERT `roles` (`id`, `name`, `level`) VALUES ('ADMSGP', 'Administrators Singapore', NULL);
INSERT `roles` (`id`, `name`, `level`) VALUES ('ADMSUSA', 'Administrators USA', NULL);
INSERT `roles` (`id`, `name`, `level`) VALUES ('ADMSV', 'Administrators VietNam', NULL);
INSERT `roles` (`id`, `name`, `level`) VALUES ('ASSURANCE', 'Staff Assurance', NULL);
INSERT `roles` (`id`, `name`, `level`) VALUES ('IT', 'Developer', NULL);
INSERT `roles` (`id`, `name`, `level`) VALUES ('MNSGP', 'Manager Singapore', NULL);
INSERT `roles` (`id`, `name`, `level`) VALUES ('MNUSA', 'Manager USA', NULL);
INSERT `roles` (`id`, `name`, `level`) VALUES ('MNV', 'Manager VietNam', NULL);
INSERT `roles` (`id`, `name`, `level`) VALUES ('SALES', 'Staff sales', NULL);
INSERT `roles` (`id`, `name`, `level`) VALUES ('STAFF', 'Staffs', NULL);
INSERT `roles` (`id`, `name`, `level`) VALUES ('USER', 'Users', NULL);



INSERT `status` (`id`, `kind`) VALUES (-1, 'Đã hủy đơn');
INSERT `status` (`id`, `kind`) VALUES (0, 'Đã gửi');
INSERT `status` (`id`, `kind`) VALUES (1, 'Đang tiếp nhận');
INSERT `status` (`id`, `kind`) VALUES (2, 'Đang đóng gòi');
INSERT `status` (`id`, `kind`) VALUES (3, 'Đang đi giao');
INSERT `status` (`id`, `kind`) VALUES (4, 'Đã giao hàng');





-- this is trigger to update number product
DELIMITER //

CREATE TRIGGER trg_Update_Number_Product 
AFTER INSERT ON orderdetails 
FOR EACH ROW
BEGIN
    UPDATE products 
    SET number = number - NEW.quantity 
    WHERE id = NEW.productid;
END;
//

DELIMITER ;